0bbdd4905f23994e0b5a0d91fc332b2af336f1e8	6ba7a9e2bc2c8f3fe7623fc3006c150eb5bf1717	1.7937493324279783
0bbdd4905f23994e0b5a0d91fc332b2af336f1e8	8d4ee7bb188474523fa9d36a68acf1672e6abf3a	1.7338751554489136
0bbdd4905f23994e0b5a0d91fc332b2af336f1e8	076be17f97325fda82d1537aaa48798eb66ba91f	1.7180463075637815
0bbdd4905f23994e0b5a0d91fc332b2af336f1e8	4987aaf293f1715aeda9387f832e3630a79fe74b	1.5555332899093628
0bbdd4905f23994e0b5a0d91fc332b2af336f1e8	c4df7d84eb47e416af043dc20d053d3cb45e9571	1.5542343854904177
0bbdd4905f23994e0b5a0d91fc332b2af336f1e8	6ac3171269609e4c2ca1c3326d1433a9c5b6c121	1.4652082920074463
0bbdd4905f23994e0b5a0d91fc332b2af336f1e8	da09bc42bbf5421b119abea92716186a1ca3f02f	1.4575587511062622
0bbdd4905f23994e0b5a0d91fc332b2af336f1e8	2a61ff2716b68672cbfeddb3ecd166dc856afe96	1.4478402137756348
0bbdd4905f23994e0b5a0d91fc332b2af336f1e8	22ab75ccad4fe337b330004111e255ee89e2ed31	1.443789005279541
0bbdd4905f23994e0b5a0d91fc332b2af336f1e8	0b277244b78a172394d3cbb68cc068fb1ebbd745	1.4424151182174685
0bb9e12f068657407cde9f76e35bd540184edb3e	36e4bad3400ce11b64db43ed47d2844f47678c5a	1.7936935424804688
0bb9e12f068657407cde9f76e35bd540184edb3e	b77dc5d09e39caf87df306d6f1b5758907bbbe6a	1.740696668624878
0bb9e12f068657407cde9f76e35bd540184edb3e	61566dcd32e8e724353b95a469bf5849904a1058	1.6936886310577393
0bb9e12f068657407cde9f76e35bd540184edb3e	04e8648b268ffe16b0f0eab68402bdb433708b83	1.6812658309936523
0bb9e12f068657407cde9f76e35bd540184edb3e	ff0f6c4c5913a909dc2f319fa68d064f4d93db5f	1.6697757244110107
0bb9e12f068657407cde9f76e35bd540184edb3e	5c11bab81f973d4d4ba2d9c4ca9e105e2b89cc0b	1.6696290969848633
0bb9e12f068657407cde9f76e35bd540184edb3e	39655a2a25dae954bdbb6b679a86d6dfa39d47ad	1.656485676765442
0bb9e12f068657407cde9f76e35bd540184edb3e	ea4a2dfa0eab0260a184e5aad0046d62c0dd52bc	1.636031150817871
0bb9e12f068657407cde9f76e35bd540184edb3e	0502017650165c742ad7eaf14fe72b5925c90707	1.6312289237976074
0bb9e12f068657407cde9f76e35bd540184edb3e	f62b9c6ef565e820d21dfa64e4aed00323a50417	1.629727125167847
0c1c94f582cfaa727a03a452ea71cab809d8f7ce	4a9c1b4569289623bf9812ffe2225e4b3d7acb22	1.7941884994506836
0c1c94f582cfaa727a03a452ea71cab809d8f7ce	67161d331d496ad5255ad8982759a1c853856932	1.7819957733154297
0c1c94f582cfaa727a03a452ea71cab809d8f7ce	63aa729924d672a37f04bd3a18e60bd0510bb3a3	1.7274065017700195
0c1c94f582cfaa727a03a452ea71cab809d8f7ce	f394fc319d90a6227ce87504d882245c6c342cd2	1.659010410308838
0c1c94f582cfaa727a03a452ea71cab809d8f7ce	411476007a7673c87b497e61848d0962fdb03d07	1.647444486618042
0c1c94f582cfaa727a03a452ea71cab809d8f7ce	59719ac7c1617878196e36db4fbce7cb2ac16b16	1.6293569803237915
0c1c94f582cfaa727a03a452ea71cab809d8f7ce	46c6e1f6ac7f19a659b197abcd10fa781ac2a30d	1.6035852432250977
0c1c94f582cfaa727a03a452ea71cab809d8f7ce	d781b74cf002f9fffcb7f60c3c319c41797d702e	1.5935728549957275
0c1c94f582cfaa727a03a452ea71cab809d8f7ce	65ba5f2f034e334c1b1d932d798df8f8a684a679	1.5858056545257568
0c1c94f582cfaa727a03a452ea71cab809d8f7ce	59f153ddd37e22af153aa0d7caf3ec44053aa8e8	1.5782276391983032
0bf8527d093600c50208faca0b32eef2372ec0d4	f5d9c0182d8578f7c0a99ad9bdd4ff62e5f7c68d	1.5506471395492554
0bf8527d093600c50208faca0b32eef2372ec0d4	4ba18b2f35515f7f3ad3bc38100730c5808a52af	1.5127638578414917
0bf8527d093600c50208faca0b32eef2372ec0d4	0bee052af002eb197277cd222d62154c7de4ac8a	1.4965095520019531
0bf8527d093600c50208faca0b32eef2372ec0d4	38fcc670f7369b3ee7f402cc5b214262829c139f	1.4743379354476929
0bf8527d093600c50208faca0b32eef2372ec0d4	7d3cf8315cfb586dae984b0aa986ea0857c18cf0	1.4635950326919556
0bf8527d093600c50208faca0b32eef2372ec0d4	fad4cf87ca2f3948b7a71b306e321454af7b346b	1.4567375183105469
0bf8527d093600c50208faca0b32eef2372ec0d4	3b1953ff2c0c9dd045afe6766afb91599522052b	1.4562456607818604
0bf8527d093600c50208faca0b32eef2372ec0d4	f0041b836d507b8d22367a6ef7faab583769de82	1.4552098512649536
0bf8527d093600c50208faca0b32eef2372ec0d4	65227ddbbd12015ba8a45a81122b1fa540e79890	1.446619987487793
0bf8527d093600c50208faca0b32eef2372ec0d4	3c37515e7037925c3f0a475b03be72dc853b8533	1.443570852279663
03bd09f62445ee68095f20000342c1c76b57d7c9	74d15b56e6d19a7d527e1c2626c76dd1418d798c	1.533275127410889
03bd09f62445ee68095f20000342c1c76b57d7c9	fcd05a3d018c6711d6da3cb4b5aa1abac132e53a	1.4902911186218262
03bd09f62445ee68095f20000342c1c76b57d7c9	7c38d99373d68e8206878aa6f49fce6e0d4cfc6a	1.4488985538482666
03bd09f62445ee68095f20000342c1c76b57d7c9	f62a8c59de7bb20da5030ed09a8892dd353f3a50	1.432377815246582
03bd09f62445ee68095f20000342c1c76b57d7c9	6c1ccc66420136488cf34c1ffe707afefd8b00b9	1.41680908203125
03bd09f62445ee68095f20000342c1c76b57d7c9	83009e2fa390a5935b88d1d91d2948de890ee1dd	1.406131386756897
03bd09f62445ee68095f20000342c1c76b57d7c9	e15f910f7cc2d785c3cefd37dc7ae99e46bf031f	1.392594814300537
03bd09f62445ee68095f20000342c1c76b57d7c9	3d23be971f17ac490ba276de93f587b5203fccfc	1.3831956386566162
03bd09f62445ee68095f20000342c1c76b57d7c9	34e5eeb48da470e8b91693cc5d322959d79f1470	1.3723160028457642
03bd09f62445ee68095f20000342c1c76b57d7c9	d1d9acd4a55c9d742a8b6736928711c3cfbe6526	1.361010193824768
0210b3fe6f7173c86936b5dd9261bc0be0c45652	7d6a34508b091ba8cde8a403e26ec791325c60d1	1.263913631439209
0210b3fe6f7173c86936b5dd9261bc0be0c45652	7b9ab27ad78899b6b284a17c38aa75fb0e1d1765	1.2596759796142578
0210b3fe6f7173c86936b5dd9261bc0be0c45652	047eeb7fce304fdb2b41f3c4d0b393dd1137bdab	1.2577285766601562
0210b3fe6f7173c86936b5dd9261bc0be0c45652	f1e0a619b6ad652b65b49f362ac9413e89291ad7	1.2149553298950195
0210b3fe6f7173c86936b5dd9261bc0be0c45652	1c49c74521b4c9eae7a352a3b223b4213294c681	1.212064266204834
0210b3fe6f7173c86936b5dd9261bc0be0c45652	3716c4896944c3461477f845319ac09e3dfe3a10	1.2090615034103394
0210b3fe6f7173c86936b5dd9261bc0be0c45652	0b458ce6c0d6d7fd20499e5b64a46132d7c380f2	1.2052979469299316
0210b3fe6f7173c86936b5dd9261bc0be0c45652	ae6f25ce44d20c3917a62146082c55d2a62b7779	1.1945455074310305
0210b3fe6f7173c86936b5dd9261bc0be0c45652	33c5b066ebedd22675c55212232697060c7276ab	1.1897425651550293
0210b3fe6f7173c86936b5dd9261bc0be0c45652	63c08ef4019bac59c8df18f27d32def8abf1890d	1.17969012260437
0491b1a097378701dbbab2ce9dcc2e109a95d97e	a374d6b042b8a0f1bb09c0c19d9cf8f9a203e5e5	1.338831067085266
0491b1a097378701dbbab2ce9dcc2e109a95d97e	766b55aa9c8915a9f786f0fd9f0e79f2e9bf57dc	1.3197847604751587
0491b1a097378701dbbab2ce9dcc2e109a95d97e	e107087aeaee9b98b17f229e96392aed1781bdbe	1.3149751424789429
0491b1a097378701dbbab2ce9dcc2e109a95d97e	697d28f8c1074b67ac6300ca6ca46c8f913380da	1.2855818271636963
0491b1a097378701dbbab2ce9dcc2e109a95d97e	605a105608bb7aff888360879c53ed02ac116577	1.2609729766845703
0491b1a097378701dbbab2ce9dcc2e109a95d97e	5841bf263cfd388a7af631f0f85fc6fa07dca945	1.2434797286987305
0491b1a097378701dbbab2ce9dcc2e109a95d97e	77febaeb483dc8d145a2c897f743ee46b11266ad	1.2358605861663818
0491b1a097378701dbbab2ce9dcc2e109a95d97e	00da506d8b50ba47313feb642c0caef2352080bd	1.2169723510742188
0491b1a097378701dbbab2ce9dcc2e109a95d97e	44035f565cd8cc78d5698b072d5cb2aef12ac49a	1.211483597755432
0491b1a097378701dbbab2ce9dcc2e109a95d97e	407ee40d3f6168411e4b66eec003e416f6195466	1.156569242477417
0c3ffd5f1b577e38604f361ee71feb312b5b0cab	a2ca4a76a7259da6921ab41eae8858513cbb1af1	1.5774948596954346
0c3ffd5f1b577e38604f361ee71feb312b5b0cab	206b204618640917f278e72bd0e2a881d8cec7ad	1.5579897165298462
0c3ffd5f1b577e38604f361ee71feb312b5b0cab	34ad05e8db9dbaedc5b89caa2987d34beb8e719f	1.5531474351882937
0c3ffd5f1b577e38604f361ee71feb312b5b0cab	0a24f049590c014d5b40660449503368bcedc921	1.5055962800979614
0c3ffd5f1b577e38604f361ee71feb312b5b0cab	be522b149aab5b672fd949326dcb3da817b3982b	1.461406946182251
0c3ffd5f1b577e38604f361ee71feb312b5b0cab	018300f5f0e679cee5241d9c69c8d88e00e8bf31	1.4591411352157593
0c3ffd5f1b577e38604f361ee71feb312b5b0cab	10ff61e6c2a99d8aafcf1706f3e88c7e2dfec188	1.4489152431488037
0c3ffd5f1b577e38604f361ee71feb312b5b0cab	707603240701ca0545e37eae14b5c6ec80b3624d	1.4452447891235352
0c3ffd5f1b577e38604f361ee71feb312b5b0cab	04f7ab061b2d77bf3bd139d38a0c28ab82b57c7f	1.4102822542190552
0c3ffd5f1b577e38604f361ee71feb312b5b0cab	2401cd5606c6bc5390acc352d00c1685f0c8af60	1.4058059453964231
071f47b7bc5830643e31dbed82e0375bf9b26559	37b0f219c1f2fbc4b432b24a5fe91dd733f19b7f	1.8726389408111568
071f47b7bc5830643e31dbed82e0375bf9b26559	ca56018ed7042d8528b5a7cd8f332c5737b53b1f	1.815884232521057
071f47b7bc5830643e31dbed82e0375bf9b26559	d2071c1e4a6030dc0005dbfeefdd196a8b293e84	1.7890440225601196
071f47b7bc5830643e31dbed82e0375bf9b26559	e2ec6bb2bcd4985817b4af9196a53d36cc3f9dde	1.73949933052063
071f47b7bc5830643e31dbed82e0375bf9b26559	076945bc9fe2000208d6809af1699ac04e6ccee6	1.658118486404419
071f47b7bc5830643e31dbed82e0375bf9b26559	0ef311acf523d4d0e2cc5f747a6508af2c89c5f7	1.6508355140686035
071f47b7bc5830643e31dbed82e0375bf9b26559	59407446503d49a8cf5f5643b17502835b62f139	1.6218271255493164
071f47b7bc5830643e31dbed82e0375bf9b26559	cc06ad0ed7b91c93b64d10ee4ed700c33f0d9f13	1.6032037734985352
071f47b7bc5830643e31dbed82e0375bf9b26559	123e98412253f2b8a602a0d699a5f493e17c62ef	1.593852996826172
071f47b7bc5830643e31dbed82e0375bf9b26559	e50a316f97c9a405aa000d883a633bd5707f1a34	1.5794731378555298
0553dbcc91c98d5e068f6532f0b071a7d219d67e	f174f8bfedfcd64ab740d1ff6160c05f2588cada	1.7626855373382568
0553dbcc91c98d5e068f6532f0b071a7d219d67e	a5c51fdbb4dfd15a90c56521790eaec1f2a3b6dc	1.608723521232605
0553dbcc91c98d5e068f6532f0b071a7d219d67e	348e64727356683dd6582b746e81d66d1b6f8e42	1.5447694063186646
0553dbcc91c98d5e068f6532f0b071a7d219d67e	2c1bfdd311742ec077cdc6e5367e34cfe0acc4c0	1.4760831594467163
0553dbcc91c98d5e068f6532f0b071a7d219d67e	dd2f411593178a9d9a59537cf2ddc3f91371f15a	1.4545271396636963
0553dbcc91c98d5e068f6532f0b071a7d219d67e	0d645b2254be58a788e811da7d12beed5d19ea3c	1.449346661567688
0553dbcc91c98d5e068f6532f0b071a7d219d67e	c2df80c76550306231978b0e8269ba4af46146a2	1.4379539489746094
0553dbcc91c98d5e068f6532f0b071a7d219d67e	bb3a3836652c8a581e0ce92fdb3a7cd884efec40	1.428703784942627
0553dbcc91c98d5e068f6532f0b071a7d219d67e	a16e2a64fea3ec99dd34bdc955e299921a4e6b83	1.4182531833648682
0553dbcc91c98d5e068f6532f0b071a7d219d67e	7a6a54e8cf488ccb30b12e4bb54e40fe6176fbb0	1.4065300226211548
05dba74b1ecf7e40b2a904e2d797768ef79832d3	223dcd0e44532fc02444709e61327432c74fe46d	1.8674085140228271
05dba74b1ecf7e40b2a904e2d797768ef79832d3	7262bc3674c4c063526eaf4d2dcf54eecea7bf77	1.853095531463623
05dba74b1ecf7e40b2a904e2d797768ef79832d3	a0498059093527323c29e32547c51c29e8849006	1.8273249864578247
05dba74b1ecf7e40b2a904e2d797768ef79832d3	555e1d6ecc7af031f29b0225bdca06d4a6da77ed	1.8213999271392824
05dba74b1ecf7e40b2a904e2d797768ef79832d3	c9ab6adcf149c740b03ef3759260719af4f7ce07	1.762687087059021
05dba74b1ecf7e40b2a904e2d797768ef79832d3	0157dcd6122c20b5afc359a799b2043453471f7f	1.7543294429779053
05dba74b1ecf7e40b2a904e2d797768ef79832d3	4323ea81a04766acc38287254e0c3ff30985dbe5	1.7474076747894287
05dba74b1ecf7e40b2a904e2d797768ef79832d3	0f16ab376632ee83f2a3af21e96ebb925a8ac8b8	1.746037483215332
05dba74b1ecf7e40b2a904e2d797768ef79832d3	7768f88efe03b9735f79462c0f89aa04a074f107	1.739073395729065
05dba74b1ecf7e40b2a904e2d797768ef79832d3	40ccca414291f5585fefb22cb9d3e841ef63fc27	1.7353167533874512
04ca5de59edbdd49a9c0502c58331524d220bc8c	2f7678f96837afbc1f58680ad844c35ffa52b0c1	1.5968782901763916
04ca5de59edbdd49a9c0502c58331524d220bc8c	13cf0ec38d349f1c83f0e6c26e89c85222955f5f	1.5749506950378418
04ca5de59edbdd49a9c0502c58331524d220bc8c	7ca3f9400049a860ded736840e345da3cd8ce150	1.5738203525543213
04ca5de59edbdd49a9c0502c58331524d220bc8c	4414a35093721c9f8aa73cd26bae895879de84d2	1.5503311157226562
04ca5de59edbdd49a9c0502c58331524d220bc8c	02de9d7b2c76a11896902c79b329a3034fc572b6	1.5317137241363523
04ca5de59edbdd49a9c0502c58331524d220bc8c	2645a136bb1f0af81a526f04a1c9eb2b28dccb1b	1.511957764625549
04ca5de59edbdd49a9c0502c58331524d220bc8c	3157ed1fbad482520ca87045b308446d8adbdedb	1.506864309310913
04ca5de59edbdd49a9c0502c58331524d220bc8c	ffa25b893ea72ffb077158eb750df827d154b5b6	1.5000882148742676
04ca5de59edbdd49a9c0502c58331524d220bc8c	080aebd2cc1019f17e78496354c37195560b0697	1.4861650466918943
04ca5de59edbdd49a9c0502c58331524d220bc8c	edc2e4e6308d7dfce586cb8a4441c704f8f8d41b	1.478513240814209
0674058618d04def58c79a0b28174301ef591433	dd41010faa2c848729bc79614f1846a2267f1904	1.6411545276641846
0674058618d04def58c79a0b28174301ef591433	5e9fafb0e70130417e04cf942a0a6f4b43ad583e	1.5811578035354614
0674058618d04def58c79a0b28174301ef591433	e0e731805c073c4589375c8b8f65769834201114	1.5743879079818726
0674058618d04def58c79a0b28174301ef591433	b75f57b742cbfc12fe15790ce27e75ed5f4a9349	1.5440258979797363
0674058618d04def58c79a0b28174301ef591433	04dc5e68bc6f81e7d71d9bd3add36e6f6f077539	1.524458408355713
0674058618d04def58c79a0b28174301ef591433	5092375789732afbfbfe2f5ede0792af6c562813	1.5188294649124146
0674058618d04def58c79a0b28174301ef591433	38b0877fa6ac3ebfbb29d74f761fea394ee190f3	1.509636402130127
0674058618d04def58c79a0b28174301ef591433	7a63dd6b58db9e6557ed7a2c47637d95d6dd7863	1.5065784454345703
0674058618d04def58c79a0b28174301ef591433	6e5e76268f292929ccba794ea4dcbb4c68899df7	1.5034064054489136
0674058618d04def58c79a0b28174301ef591433	e928564981b35eccc1035df3badf74de7611d9cc	1.492715835571289
030ff7012b92b805a60976f8dbd6a08c1cecebe6	090ab6c395c010ced449b540c425a6a2835647a6	1.4865694046020508
030ff7012b92b805a60976f8dbd6a08c1cecebe6	5e4b405202c92fd77a12f463ca1247a8b59fd935	1.481093168258667
030ff7012b92b805a60976f8dbd6a08c1cecebe6	0c3751db5a24c636c1aa8abfd9d63321b38cfce5	1.4439438581466677
030ff7012b92b805a60976f8dbd6a08c1cecebe6	0e9a674280b2dabe36e540c20ce5a7a9e10361f7	1.4307892322540283
030ff7012b92b805a60976f8dbd6a08c1cecebe6	1b9d022273780c5b0b7522555bd0e2c626a38e77	1.4267756938934326
030ff7012b92b805a60976f8dbd6a08c1cecebe6	549fc15ee760ceb7569c38888b21cee1c3806148	1.4214370250701904
030ff7012b92b805a60976f8dbd6a08c1cecebe6	c6c95c996037c00c62df1d3d2cfb3e010a317faf	1.4189581871032717
030ff7012b92b805a60976f8dbd6a08c1cecebe6	35bc3b88d20098869a2e5cdb8cb83ed926627af0	1.4189375638961792
030ff7012b92b805a60976f8dbd6a08c1cecebe6	5ad3c058535653b1c898302ffa42d5dccee542e3	1.4172630310058594
030ff7012b92b805a60976f8dbd6a08c1cecebe6	0690ba31424310a90028533218d0afd25a829c8d	1.4087731838226318
0a149bfc3080902dab96a0bfdfe1d4ab2ec0cc2a	1d1861764141b0255389fecfc309ef74151033fc	1.5916975736618042
0a149bfc3080902dab96a0bfdfe1d4ab2ec0cc2a	20690b7465e6fef5337f0c9be0a302d33b3c9b3a	1.505793809890747
0a149bfc3080902dab96a0bfdfe1d4ab2ec0cc2a	436c3119d16ce2e3c243ffe7a4a1a5dc40b128aa	1.500609278678894
0a149bfc3080902dab96a0bfdfe1d4ab2ec0cc2a	2a94fa0de804b5efaae1a66f50c3ea96539c46b8	1.4973771572113037
0a149bfc3080902dab96a0bfdfe1d4ab2ec0cc2a	078b55e2f4899cf95a4c8d65613c340fa190acf8	1.4963159561157229
0a149bfc3080902dab96a0bfdfe1d4ab2ec0cc2a	7671f4a3ad961c9f5c00d91dd46dc6e2d3bd5b39	1.4614635705947876
0a149bfc3080902dab96a0bfdfe1d4ab2ec0cc2a	dde4b9ccbbcfd589c963aa8e5aec3f5fa236be65	1.4392802715301514
0a149bfc3080902dab96a0bfdfe1d4ab2ec0cc2a	cfdef0cd7ec53868c600005ec74a4a34f063a004	1.4249317646026611
0a149bfc3080902dab96a0bfdfe1d4ab2ec0cc2a	8efbb07f1ed1879a32574e7d3940063e9dafbadb	1.395382285118103
0a149bfc3080902dab96a0bfdfe1d4ab2ec0cc2a	d82d9cb8411cc8d39a26b821f98cda80b08124d7	1.394095778465271
095923857403ebb1578ce82b085c97c75b522fa2	1827de6fa9c9c1b3d647a9d707042e89cf94abf0	1.9889960289001465
095923857403ebb1578ce82b085c97c75b522fa2	1be81623e9cd9434a7bc088fdaa9d858fcfb3da5	1.807910680770874
095923857403ebb1578ce82b085c97c75b522fa2	324bcd46fcb737a3ebb1fb2ab8ea93a0fed624da	1.6270761489868164
095923857403ebb1578ce82b085c97c75b522fa2	0426408774fea8d724609769d6954dd75454a97e	1.612310767173767
095923857403ebb1578ce82b085c97c75b522fa2	226966243877f186d346be01047cf71cee1b5ec4	1.5775266885757446
095923857403ebb1578ce82b085c97c75b522fa2	63396a1a658863faeb9e3c8ee1f1934fd00a7512	1.576061129570007
095923857403ebb1578ce82b085c97c75b522fa2	260b95930133787c008d01fb870f909171c7e677	1.5677531957626345
095923857403ebb1578ce82b085c97c75b522fa2	0b4b6932d5df74b366d9235b40334bc40d719c72	1.54994535446167
095923857403ebb1578ce82b085c97c75b522fa2	21940188396e1ab4f47db30cf6fd289eee2a930a	1.5338246822357178
095923857403ebb1578ce82b085c97c75b522fa2	3653be0cf0eafea9a43388e1be93e5520f0ad898	1.5314122438430786
03d23160e7066e5adab0d55779287e3c4982b9d5	46af4e3272fe3dbc7ee648400fb049ae6d3689cd	1.8005131483078003
03d23160e7066e5adab0d55779287e3c4982b9d5	4d2bd65a4b24679d4c440afc6fe88f13229e644d	1.6029512882232666
03d23160e7066e5adab0d55779287e3c4982b9d5	002aaf4412f91d0828b79511f35c0863a1a32c47	1.5039823055267334
03d23160e7066e5adab0d55779287e3c4982b9d5	3146fabd5631a7d1387327918b184103d06c2211	1.5014568567276
03d23160e7066e5adab0d55779287e3c4982b9d5	a3983077d951e29278a6139fe6dfb41ade9b1df1	1.5014195442199707
03d23160e7066e5adab0d55779287e3c4982b9d5	fef0b51c865cc72b64bfafd6a1bf3539c3c1d290	1.496907353401184
03d23160e7066e5adab0d55779287e3c4982b9d5	2f813885f3ac7be62894b182fa3c5d7a8226a480	1.4968698024749756
03d23160e7066e5adab0d55779287e3c4982b9d5	2d33c06612b8e85ba1b36cb42ef7d26ca22091f3	1.4893070459365845
03d23160e7066e5adab0d55779287e3c4982b9d5	16f940b4b5da79072d64a77692a876627092d39c	1.4854916334152222
03d23160e7066e5adab0d55779287e3c4982b9d5	46d29ee2b97362299ef83c06ffc4461906f1ccda	1.483614802360535
012e396b02aa584cb74a65ae14af355e7c897858	af77547dc79c67367675e76f28c3bbf3032a9a12	1.6999481916427612
012e396b02aa584cb74a65ae14af355e7c897858	f9823bc7eec44a9a6cd7b629c8f6430fe82877fd	1.609315276145935
012e396b02aa584cb74a65ae14af355e7c897858	de33698f7b2264bf7313f43d1de8c2d19e2a2f7a	1.5904645919799805
012e396b02aa584cb74a65ae14af355e7c897858	4c9774c5e57a4b7535eb19f6584f75c8b9c2cdcc	1.5812519788742063
012e396b02aa584cb74a65ae14af355e7c897858	541c3ab3ce75594c403126413b9c866fa7fba57a	1.5562641620635986
012e396b02aa584cb74a65ae14af355e7c897858	ec1df457a2be681227f79de3ce932fccb65ee2bb	1.5417189598083496
012e396b02aa584cb74a65ae14af355e7c897858	43d40cf9251ba497f6ea3957bfc3c189fd11d421	1.5373740196228027
012e396b02aa584cb74a65ae14af355e7c897858	be98ba27ffdaa99834d12a1aa9c905c7bc6848c1	1.53613543510437
012e396b02aa584cb74a65ae14af355e7c897858	9a6abed922749b4680465c5200bf5aefd26306e3	1.5339443683624268
012e396b02aa584cb74a65ae14af355e7c897858	67ab675999e4b11904743070e295bc22476080fe	1.522278904914856
033897d56c7cf4f084dec1fad072f1a6aca65c6e	5c6b51bb44c9b2297733b58daaf26af01c98fe09	1.5981128215789795
033897d56c7cf4f084dec1fad072f1a6aca65c6e	fa46ae777be8776a417a24e0b6c3f6076c5e578d	1.5371004343032837
033897d56c7cf4f084dec1fad072f1a6aca65c6e	caec97674544a4948a1b0ec2b9f6c624b87b647b	1.5352025032043457
033897d56c7cf4f084dec1fad072f1a6aca65c6e	7f44973b8cb78be47d55d335f40a54aa00ef814c	1.5255383253097534
033897d56c7cf4f084dec1fad072f1a6aca65c6e	e78a8ff7b0adac4f6255dd999342c85f6a28e2f0	1.5026406049728394
033897d56c7cf4f084dec1fad072f1a6aca65c6e	5040c699cc3a02d8dd2eecfdb20e5690432ad7a5	1.4948097467422483
033897d56c7cf4f084dec1fad072f1a6aca65c6e	a79f43246bed540084ca2d1fcf99a68c69820747	1.493678092956543
033897d56c7cf4f084dec1fad072f1a6aca65c6e	08fddf1865e48a1adc21d4875396a754711f0a28	1.4933322668075562
033897d56c7cf4f084dec1fad072f1a6aca65c6e	68e47fea6d61acbf0b058a963e42228a4e3f07af	1.4916346073150637
033897d56c7cf4f084dec1fad072f1a6aca65c6e	0621213a012d169cb7c2930354c6489d6a89baf8	1.4915446043014526
071961fc3d61b893c12f07abfa2906859152e3a9	b345fd87cb98fc8b2320530609c63b1b347b14d9	1.351823806762695
071961fc3d61b893c12f07abfa2906859152e3a9	1c78809a7fd22c95f4d60cd707c32280a019940f	1.299640417098999
071961fc3d61b893c12f07abfa2906859152e3a9	17ba9019ec7eb1f03d64f4d80e47376a4f6f8583	1.2144575119018557
071961fc3d61b893c12f07abfa2906859152e3a9	9222c69ca851b26e8338b0082dfafbc663d1be50	1.212143898010254
071961fc3d61b893c12f07abfa2906859152e3a9	33dc678ba56819b2fd05c1b538b0398125f4ccd3	1.2066853046417236
071961fc3d61b893c12f07abfa2906859152e3a9	b38ea4cdf9012fa7a76d7e700260aa99855947c3	1.2025156021118164
071961fc3d61b893c12f07abfa2906859152e3a9	0025b963134b1c0b64c1389af19610d038ab7072	1.1955193281173706
071961fc3d61b893c12f07abfa2906859152e3a9	8f50078de9d41bd756cb0dcb346a916cc9d50ce6	1.1591992378234863
071961fc3d61b893c12f07abfa2906859152e3a9	c5d2dbd4454fe9610cb2a7b19772fba8fa229567	1.1553676128387451
071961fc3d61b893c12f07abfa2906859152e3a9	3fc109c976bf1c3f06aba9310f86dcd0c124ab41	1.1486482620239258
031a0f18d46b8e006eb4262233f7734fe4505c21	5a778a2a32f35a96f4dfb0f22d1415eff321e7ad	1.5186612606048584
031a0f18d46b8e006eb4262233f7734fe4505c21	90e3ec000125d579ec1724781410d4201be6d2a8	1.491472244262695
031a0f18d46b8e006eb4262233f7734fe4505c21	90ed29e10e65c0fa13b64903eeba0fef1ef3cc60	1.481611251831055
031a0f18d46b8e006eb4262233f7734fe4505c21	9d68bcc77f953c3ae24047b8c83b7172646845d8	1.479264259338379
031a0f18d46b8e006eb4262233f7734fe4505c21	70624f16968fe4f0c851398dbd46a1ebcce892ce	1.47747004032135
031a0f18d46b8e006eb4262233f7734fe4505c21	051853e79d6ebe49601348536ca4b14c5279cc97	1.4698715209960938
031a0f18d46b8e006eb4262233f7734fe4505c21	392c43f9e521b829d9d5b7d072e4bd7f2bcfbe8a	1.465409755706787
031a0f18d46b8e006eb4262233f7734fe4505c21	53bf890ddba4d6433e868c0a73a529243c23591c	1.4592154026031494
031a0f18d46b8e006eb4262233f7734fe4505c21	b1ca425cab859aa04259f0a093b7c948abd0e630	1.4516233205795288
031a0f18d46b8e006eb4262233f7734fe4505c21	7826bc81ffed9c1f342616df264c92d6f732f4dd	1.4448314905166626
02c9fe33a5d8cb94373cea20a53f01e0a0e70f7f	197c43315bdcec6785cb9834638140d9878ec131	1.6371513605117798
02c9fe33a5d8cb94373cea20a53f01e0a0e70f7f	29ab09179c9fc864b05fe853c8443f39ac1baaec	1.561762452125549
02c9fe33a5d8cb94373cea20a53f01e0a0e70f7f	d041c7df26d2d212a6e37204f8615119aff56eed	1.4231700897216797
02c9fe33a5d8cb94373cea20a53f01e0a0e70f7f	041326c202655cd60df276bf7a148f2ecddfc479	1.4014803171157837
02c9fe33a5d8cb94373cea20a53f01e0a0e70f7f	598eadcca8ac9365d188157d585e076dc2ef60d9	1.3811469078063965
02c9fe33a5d8cb94373cea20a53f01e0a0e70f7f	da67375c8b6a250fbd5482bfbfce14f4eb7e506c	1.3751213550567627
02c9fe33a5d8cb94373cea20a53f01e0a0e70f7f	5e880d3bd1c4c4635ea7684df47109a33448b4c2	1.3638323545455933
02c9fe33a5d8cb94373cea20a53f01e0a0e70f7f	e26cbabe8c60f1c62616917410f47ac2ad7d7609	1.351465940475464
02c9fe33a5d8cb94373cea20a53f01e0a0e70f7f	16524adee515692a50dd67a170b8e605e4b00b29	1.3361667394638062
02c9fe33a5d8cb94373cea20a53f01e0a0e70f7f	ad943b2c2b859e46481308786c6aea9063dd49a9	1.3337267637252808
05b32985bf72fe15383bb4bba14beb43e438e937	2cb6d78e822ca7fd0e29670ec7e26e37ae3d3e8f	1.9688924551010127
05b32985bf72fe15383bb4bba14beb43e438e937	54797270f673a2efc9c4b86b5de3befa59b13bd2	1.932211637496948
05b32985bf72fe15383bb4bba14beb43e438e937	fe6ade6920b212bd32af011bc6efa94b66107e1f	1.8253467082977293
05b32985bf72fe15383bb4bba14beb43e438e937	f0eace9bfe72c2449f76461ad97c4042d2a7141b	1.8169519901275637
05b32985bf72fe15383bb4bba14beb43e438e937	4e74cadb44acfe373940f0b151c41ef3a02b9b0c	1.8110969066619875
05b32985bf72fe15383bb4bba14beb43e438e937	bd5c67bf72da28a5f4bc06e58555683505d10ef1	1.798638105392456
05b32985bf72fe15383bb4bba14beb43e438e937	64af3319e9ed4e459e80b469923106887d28313d	1.7768409252166748
05b32985bf72fe15383bb4bba14beb43e438e937	6d778ec897507edb08df3b58ee33a5517bb895f3	1.77583909034729
05b32985bf72fe15383bb4bba14beb43e438e937	e3ff5de6f800fde3368eb78c61463c6cb3302f59	1.7745561599731443
05b32985bf72fe15383bb4bba14beb43e438e937	aaaea1314570b6b692ff3cce3715ec9dada7c7aa	1.770310401916504
01d208b33561362f7714f714d3bc4a1f7aa1637c	048e82ac9c88c458a50cc6289662e9cb2ecb4fc9	1.4678802490234375
01d208b33561362f7714f714d3bc4a1f7aa1637c	09f83b83fd3b0114c2c902212101152c2d2d1259	1.4469270706176758
01d208b33561362f7714f714d3bc4a1f7aa1637c	8f67ff7d7a4fc72d87f82ae340dba4365b7ea664	1.4442338943481443
01d208b33561362f7714f714d3bc4a1f7aa1637c	4938e8c8c9ea3d351d283181819af5e5801efbed	1.434288740158081
01d208b33561362f7714f714d3bc4a1f7aa1637c	8645a7ff78dc321e08dea6576c04f02a3ce158f9	1.4193248748779297
01d208b33561362f7714f714d3bc4a1f7aa1637c	a6df9a75a7a946cad8c32ee2a8c88d826a21430c	1.4151215553283691
01d208b33561362f7714f714d3bc4a1f7aa1637c	6da97aa50c0c4f6d7473b607f872cd6bcb940c60	1.4057512283325195
01d208b33561362f7714f714d3bc4a1f7aa1637c	09286005d0c0253995c970387dd222ae4acbc8f1	1.3853102922439575
01d208b33561362f7714f714d3bc4a1f7aa1637c	91cf9beb696cbb0818609614f4da7351262eac86	1.3848344087600708
01d208b33561362f7714f714d3bc4a1f7aa1637c	f2e9f869a9fc1f07887866be5f70a37b6c31411b	1.3767178058624268
09d275d72bdd404df1270ca0d23574c10c27e4ac	6ef99de74e6da9be3b2ece569c7be2a15c1db5db	1.6054872274398804
09d275d72bdd404df1270ca0d23574c10c27e4ac	bf9069992134977bf93384620153dfe39d94b7cf	1.5620826482772827
09d275d72bdd404df1270ca0d23574c10c27e4ac	75b8c0abfd45fd77d7a61da7d12bdf516e3139c7	1.5369811058044434
09d275d72bdd404df1270ca0d23574c10c27e4ac	ae155256be15eab9ccc14089fde367f65b482a58	1.4805442094802856
09d275d72bdd404df1270ca0d23574c10c27e4ac	53732eff5c29585bc84d0ec280b0923639bf740e	1.478701949119568
09d275d72bdd404df1270ca0d23574c10c27e4ac	15dd88a84e2581e9d408b2be142b0dba6b9c4c3e	1.4250171184539795
09d275d72bdd404df1270ca0d23574c10c27e4ac	59c5eecef1f35bd331f7e9ebe1a1a784bcdb76a5	1.4087870121002195
09d275d72bdd404df1270ca0d23574c10c27e4ac	23e8236644775fd5d8ff5536ba06b960e19f904b	1.4042128324508667
09d275d72bdd404df1270ca0d23574c10c27e4ac	9cf8464e03a2c78e2816b0478bd323bf40ab802b	1.3973758220672607
09d275d72bdd404df1270ca0d23574c10c27e4ac	27f989a4994a6b76acae6fe63f992a0146ed1168	1.3903579711914062
06e0780f589f04edd1e55f5a0d9872696280b40e	7545f90299a10dae1968681f6bd268b9b5ab2c37	1.6991082429885864
06e0780f589f04edd1e55f5a0d9872696280b40e	070096ce36bba240b39b5ddb7bc6071311478843	1.5945539474487305
06e0780f589f04edd1e55f5a0d9872696280b40e	1e1c3c3f1ad33e1424584ba7b2f5b6681b842dce	1.3670014142990112
06e0780f589f04edd1e55f5a0d9872696280b40e	813308251c76640f0f9f98c54339ae73752793aa	1.3651485443115234
06e0780f589f04edd1e55f5a0d9872696280b40e	2be92d9137f4af64a059da33a58b148d153fc446	1.3609800338745115
06e0780f589f04edd1e55f5a0d9872696280b40e	0c383e6fb2ef73538e76acfbc1c6132b76b47537	1.3503795862197876
06e0780f589f04edd1e55f5a0d9872696280b40e	03fbf51605f68c730a6b37d40d805875a078e307	1.3409165143966677
06e0780f589f04edd1e55f5a0d9872696280b40e	c8bd02c043c6712f62bd4a0f926719c7e94c64e2	1.3407564163208008
06e0780f589f04edd1e55f5a0d9872696280b40e	60e752707e3adb38939e43d8579392edda26c198	1.3364207744598389
06e0780f589f04edd1e55f5a0d9872696280b40e	0c53bdd975f351ebe88e5cc130df1e9097f69e95	1.3236454725265503
0bfa2ab02f3c9a9fe06fcebf34bd8f371e206512	1d1861764141b0255389fecfc309ef74151033fc	1.566075325012207
0bfa2ab02f3c9a9fe06fcebf34bd8f371e206512	436c3119d16ce2e3c243ffe7a4a1a5dc40b128aa	1.4413411617279053
0bfa2ab02f3c9a9fe06fcebf34bd8f371e206512	cfdef0cd7ec53868c600005ec74a4a34f063a004	1.4378732442855835
0bfa2ab02f3c9a9fe06fcebf34bd8f371e206512	20690b7465e6fef5337f0c9be0a302d33b3c9b3a	1.4168483018875122
0bfa2ab02f3c9a9fe06fcebf34bd8f371e206512	780b05a35f2c7dd4b4d6e2a844ef5e145f1972ae	1.3911975622177124
0bfa2ab02f3c9a9fe06fcebf34bd8f371e206512	43d15ec7a3f7c26830541ea57f4af56b61983ca4	1.3678045272827148
0bfa2ab02f3c9a9fe06fcebf34bd8f371e206512	2a94fa0de804b5efaae1a66f50c3ea96539c46b8	1.3577114343643188
0bfa2ab02f3c9a9fe06fcebf34bd8f371e206512	8efbb07f1ed1879a32574e7d3940063e9dafbadb	1.3457145690917969
0bfa2ab02f3c9a9fe06fcebf34bd8f371e206512	078b55e2f4899cf95a4c8d65613c340fa190acf8	1.340518355369568
0bfa2ab02f3c9a9fe06fcebf34bd8f371e206512	51cd2b9edd4bae42b1d55ee3c166bf6c56b460fc	1.331141233444214
038ee3d9e0a739752f4a270548ab8c97ed024633	b329e8dc2f97ee604df17b6fa15484363ccb52ab	1.905817031860352
038ee3d9e0a739752f4a270548ab8c97ed024633	a06805d4de16df54395e1700ec51797e5a65eb64	1.7382019758224487
038ee3d9e0a739752f4a270548ab8c97ed024633	04fa47f1d3983bacfea1e3c838cf868f9b73dc58	1.7210420370101929
038ee3d9e0a739752f4a270548ab8c97ed024633	671697cf84dfbe53a1cb0bed29b9f649c653bbc5	1.7085198163986206
038ee3d9e0a739752f4a270548ab8c97ed024633	0f12c93d685ec82d23f2c43d555e7687f80e5b7c	1.673086643218994
038ee3d9e0a739752f4a270548ab8c97ed024633	f9fafd8ea1190ffbc2757eed0f0a8bbff610c43e	1.664727807044983
038ee3d9e0a739752f4a270548ab8c97ed024633	d532777f2386766e7c93c0bf4257d0a359e91f6b	1.65080988407135
038ee3d9e0a739752f4a270548ab8c97ed024633	45d2f411151a4a9c05cd0f1fba0746570dbd7708	1.6360775232315063
038ee3d9e0a739752f4a270548ab8c97ed024633	54eed22ff377dcb0472c8de454b1261988c4a9ac	1.6322823762893677
038ee3d9e0a739752f4a270548ab8c97ed024633	c4df3bbcc011e4f2a53ae0885ac484bd15e40824	1.616058349609375
03725753e46ee9b13cbdfa78c9b62700d4cc2956	1af5293e7e270d35be5eca28cd904d1e8fc9219c	1.5313349962234497
03725753e46ee9b13cbdfa78c9b62700d4cc2956	383e3b9e408f57052bbbc430b8e6b60c0e31f7ef	1.414015293121338
03725753e46ee9b13cbdfa78c9b62700d4cc2956	1b1337a166cdcf6ee51a70cb23f291c36e9eee34	1.406843662261963
03725753e46ee9b13cbdfa78c9b62700d4cc2956	4e348a6bb29f7ac5514ba52d503417424153223c	1.3822733163833618
03725753e46ee9b13cbdfa78c9b62700d4cc2956	8ac74b8679cf073e4205ad9463d01db7e6b5838c	1.380016207695007
03725753e46ee9b13cbdfa78c9b62700d4cc2956	601c9ac5859021c5c1321adeb38b177ebad346f0	1.3772103786468506
03725753e46ee9b13cbdfa78c9b62700d4cc2956	dbd66f601b325404ff3cdd7b9a1a282b2da26445	1.3752906322479248
03725753e46ee9b13cbdfa78c9b62700d4cc2956	baf8ace34b363e123a115ffdf0eac4f39fd4f199	1.3667244911193848
03725753e46ee9b13cbdfa78c9b62700d4cc2956	9360ce51ec055c05fd0384343792c58363383952	1.3601840734481812
03725753e46ee9b13cbdfa78c9b62700d4cc2956	c5fe87291747c39f56bf0cbe4499cca77ae91351	1.356816649436951
068a88330c93a41058d6e04e576d7e1a21dc6ee7	0080118b0eb02af581ff32b85a1bb6aed7081f45	1.6499059200286863
068a88330c93a41058d6e04e576d7e1a21dc6ee7	80f8d31b80dc3195442e667dbc5309578520c2e3	1.5864852666854858
068a88330c93a41058d6e04e576d7e1a21dc6ee7	c1f3e92cfec36fd70f9fe37366d0899877ad227e	1.5851179361343384
068a88330c93a41058d6e04e576d7e1a21dc6ee7	ac9748ea3945eb970cc32a37db7cfdfd0f22e74c	1.5790971517562866
068a88330c93a41058d6e04e576d7e1a21dc6ee7	2ab78d140d0bde65803057afa751ee6609f47ba7	1.5784114599227903
068a88330c93a41058d6e04e576d7e1a21dc6ee7	00a4eef18b0236875dc3785eb6996d374e78714a	1.5527715682983398
068a88330c93a41058d6e04e576d7e1a21dc6ee7	dffe3ef1fb5671c3d7d7e0042215503eb96442b9	1.5384352207183838
068a88330c93a41058d6e04e576d7e1a21dc6ee7	9bd6bff7c3eae7ec6da8ed7aeb70491bcd40177e	1.5255411863327026
068a88330c93a41058d6e04e576d7e1a21dc6ee7	c504c88dbea0c1fe9383710646c8180ef44b9bc9	1.507811427116394
068a88330c93a41058d6e04e576d7e1a21dc6ee7	c014c1bc895a097f0eeea09f224e0f31284f20c5	1.4941225051879885
0588053b2cde6414e542c656023ade147397f597	a5134affedeeac45a1123167e0ecbf52aa96cc1e	1.6790595054626465
0588053b2cde6414e542c656023ade147397f597	12a97799334e3a455e278f2a995a93a6e0c034bf	1.6077052354812622
0588053b2cde6414e542c656023ade147397f597	56de5dbb4e2e81f5d09622bf278b22a6ef6df168	1.552900791168213
0588053b2cde6414e542c656023ade147397f597	0d3950fa9967d74825d7685be052ed55b231347c	1.5433151721954346
0588053b2cde6414e542c656023ade147397f597	0718237a30408609554a0e2b90d35e37d54b1959	1.5422439575195312
0588053b2cde6414e542c656023ade147397f597	13317a497f4dc5f62a15dbdc135dd3ea293474df	1.5306684970855713
0588053b2cde6414e542c656023ade147397f597	405872b6c6c1a53c2ede41ccb7c9de6d4207d9be	1.5298267602920532
0588053b2cde6414e542c656023ade147397f597	db8aa4263d89b459ea1380bf8ec8f272880fe2f4	1.5226722955703735
0588053b2cde6414e542c656023ade147397f597	41e5f9984ec71218416c54304bcb9a99c27b4938	1.4891403913497925
0588053b2cde6414e542c656023ade147397f597	0db01127c3a919df8891d85c270109894c67e3f8	1.480968952178955
0963302a589b5476df76040ab22a3315e0f84bb1	bcdd2458633e6f9955a2b18846e5c85c7b047e08	1.8086576461791992
0963302a589b5476df76040ab22a3315e0f84bb1	9201fe9244071f6c4d1bac1b612f2b6aa12ca18f	1.740226984024048
0963302a589b5476df76040ab22a3315e0f84bb1	af9d52af8eeb60edd3da3f03196d072ed57f3ec2	1.6876823902130127
0963302a589b5476df76040ab22a3315e0f84bb1	13ae009718f0edf8f6c3d8dc55dd620f3f953ec9	1.5722421407699585
0963302a589b5476df76040ab22a3315e0f84bb1	51354699bfd423bb99d34c06d0061540d8ed178e	1.4452886581420898
0963302a589b5476df76040ab22a3315e0f84bb1	50e983fd06143cad9d4ac75bffc2ef67024584f2	1.4333572387695312
0963302a589b5476df76040ab22a3315e0f84bb1	cccd96c81fb365bb5eab587c4adb1e40d9235b9b	1.3980231285095217
0963302a589b5476df76040ab22a3315e0f84bb1	17a4b08d28ca23e6a077abd427aa88f70fec8c3e	1.3890100717544556
0963302a589b5476df76040ab22a3315e0f84bb1	626a38a32e2255e5bef98880ebbddf6994840e9e	1.366300106048584
0963302a589b5476df76040ab22a3315e0f84bb1	dbb35fc25270c183a10cf5d463487531529a599b	1.359602689743042
0ae51a9ac89e363097bcd675a56901b9444fd739	c1f8a3a1b4df9b7856d4fbcfa91ef2752bcc7070	1.5067391395568848
0ae51a9ac89e363097bcd675a56901b9444fd739	44e6fdffac4e670bd2a96203628fcfb6c6816ad4	1.496784806251526
0ae51a9ac89e363097bcd675a56901b9444fd739	1fc8209f86ec99e3275a2cb78153dc2ccc7e1be9	1.4830740690231323
0ae51a9ac89e363097bcd675a56901b9444fd739	14d079a4f3655034083fc749ba2f8f370f28a81a	1.4814194440841677
0ae51a9ac89e363097bcd675a56901b9444fd739	1f48eaf7c34a0faa9f533ed457b5e8e86cf1a15a	1.4721027612686155
0ae51a9ac89e363097bcd675a56901b9444fd739	f78f63a2a4093ec549ff2eaa683b247c9612a9ce	1.4621236324310305
0ae51a9ac89e363097bcd675a56901b9444fd739	3c5c3e264e238fe1b76cfe528a0ef26b97f7309b	1.4611313343048096
0ae51a9ac89e363097bcd675a56901b9444fd739	5f8112731bd0a2bfa91158753242bae2f540d72d	1.444114327430725
0ae51a9ac89e363097bcd675a56901b9444fd739	d764fd52625933692843941825845fcd5ee27f0d	1.4367393255233765
0ae51a9ac89e363097bcd675a56901b9444fd739	532b273366aefbfd3ac598f11d4331603c4716b5	1.4294493198394775
027e7780dbda48d99f3654e77b4a63063224950e	36f06481eaae63522dfb61475602584997ebfee8	1.5188757181167605
027e7780dbda48d99f3654e77b4a63063224950e	698b8181cd613a72adeac0d75252afe7f57a5180	1.507035732269287
027e7780dbda48d99f3654e77b4a63063224950e	35bef4597f5e514359ff45bea31be8b8239effe1	1.5030969381332395
027e7780dbda48d99f3654e77b4a63063224950e	2379c027e7376bb76978602a7b185dfa73a9cd35	1.4881123304367063
027e7780dbda48d99f3654e77b4a63063224950e	f4c5f7bdf3f7ce924cd42f26d2a9eb97ab8da4a3	1.4341604709625244
027e7780dbda48d99f3654e77b4a63063224950e	50ed709761f57895b50346a8249814a6f66f6c89	1.4208810329437256
027e7780dbda48d99f3654e77b4a63063224950e	67078d516a85204c016846e30c02e901ac16f142	1.418412446975708
027e7780dbda48d99f3654e77b4a63063224950e	371b07d65891b03eaae15c2865da2a6751a99bb8	1.4128082990646362
027e7780dbda48d99f3654e77b4a63063224950e	1794435f6b541109ee9ea812d80d5b9add95aacd	1.4043256044387815
027e7780dbda48d99f3654e77b4a63063224950e	bbe0f0b3e2d60c4f96d9d84f97dc8a9be4f72802	1.4027868509292605
0bdb616e15d3d6f17b90e2e5c588bfecac13768a	7891d3a91b86190df1756b08e69f879108579f40	1.4715921878814695
0bdb616e15d3d6f17b90e2e5c588bfecac13768a	16bd1fbe3694173eda4ad4338a85f8288d19bf02	1.3377176523208618
0bdb616e15d3d6f17b90e2e5c588bfecac13768a	016d34269a505a74d1f481314b30c13049d993bb	1.3361097574234009
0bdb616e15d3d6f17b90e2e5c588bfecac13768a	e98d0ac651dd00ba690647ad62e2c8832e5b3434	1.3051376342773438
0bdb616e15d3d6f17b90e2e5c588bfecac13768a	916ac71109a4c59640ba2de167acab7276d33429	1.289037823677063
0bdb616e15d3d6f17b90e2e5c588bfecac13768a	12dbbc1f31d302b528e7d260b6a51fb280112ab3	1.268811821937561
0bdb616e15d3d6f17b90e2e5c588bfecac13768a	34ba24f51f8e1f15b9345382c3c3917a08b20325	1.2663825750350952
0bdb616e15d3d6f17b90e2e5c588bfecac13768a	202b3b3bb4a5190ce53b77564f9ae1dc65f3489b	1.2655678987503052
0bdb616e15d3d6f17b90e2e5c588bfecac13768a	6f441e3db17dfb6e576890eeef3da29fb3e02c4d	1.249968409538269
0bdb616e15d3d6f17b90e2e5c588bfecac13768a	fc10f1ccd2396c1adb4652c807a0c4f6e7534624	1.249813199043274
09109a5375d8e2ca752bedde17ba5acad1df61cb	3ecc4821d55c0e528690777be3588fc9cf023882	1.802791953086853
09109a5375d8e2ca752bedde17ba5acad1df61cb	000f90380d768a85e2316225854fc377c079b5c4	1.755882740020752
09109a5375d8e2ca752bedde17ba5acad1df61cb	f3dab33e5f00e80ed4ce97d3443e96eb0ee96301	1.7517420053482056
09109a5375d8e2ca752bedde17ba5acad1df61cb	9360ce51ec055c05fd0384343792c58363383952	1.74656343460083
09109a5375d8e2ca752bedde17ba5acad1df61cb	9eacc0de031c0b7c94927bb112ab939dc81a73a5	1.706997275352478
09109a5375d8e2ca752bedde17ba5acad1df61cb	fd7b38076f69785352d654a0665f165933d049e8	1.68705415725708
09109a5375d8e2ca752bedde17ba5acad1df61cb	4e348a6bb29f7ac5514ba52d503417424153223c	1.6850368976593018
09109a5375d8e2ca752bedde17ba5acad1df61cb	0d4dbd59e42e615ccf6cd4f71203be97afac48fb	1.681435465812683
09109a5375d8e2ca752bedde17ba5acad1df61cb	649d0aa1be51cc545de52fc584640501efdcf68b	1.656287670135498
09109a5375d8e2ca752bedde17ba5acad1df61cb	adb705bd2b16d1f839d803ae5a94dc555f4e61ff	1.6381585597991943
063c6ae786c34d3722c6d9060df6339e246bbc3b	09be020a9738464799740602d7cf3273c1416c6a	2.144303321838379
063c6ae786c34d3722c6d9060df6339e246bbc3b	356827905c70ef763e3aa373f966fe6d8cf753f9	1.7938508987426758
063c6ae786c34d3722c6d9060df6339e246bbc3b	3e4bd583795875c6550026fc02fb111daee763b4	1.7730270624160769
063c6ae786c34d3722c6d9060df6339e246bbc3b	17e9d3ba861db8a6d323e1410fe5ca0986d5ad6a	1.7639055252075195
063c6ae786c34d3722c6d9060df6339e246bbc3b	b3dbbae9257f7a1b0b5c2138aee7701899c219a9	1.7607753276824951
063c6ae786c34d3722c6d9060df6339e246bbc3b	94f039e2e825d0ad343fdcf30ac974be318fa9c7	1.7272629737854004
063c6ae786c34d3722c6d9060df6339e246bbc3b	7571e852a75a1a5117f5f36b581c2f46a8e068cf	1.7237085103988647
063c6ae786c34d3722c6d9060df6339e246bbc3b	dbde4f47efed72cbb99f412a9a4c17fe39fa04fc	1.7007588148117063
063c6ae786c34d3722c6d9060df6339e246bbc3b	94e21eb765285ec9ed431006613d320586477e2c	1.6952086687088013
063c6ae786c34d3722c6d9060df6339e246bbc3b	493765198c1d2c4fc3307e20d3e0df6313d0b88c	1.6903278827667236
065985d4d0854c51f52ad7a7507b267d9b88ab1c	51e95da85a91844ee939147c6f647f749437f42c	1.9293620586395264
065985d4d0854c51f52ad7a7507b267d9b88ab1c	f09ba8ac4fe0ff51757660208ed55a89fd9282b3	1.7222083806991575
065985d4d0854c51f52ad7a7507b267d9b88ab1c	f24df001ba37746d1d28919f38a7704db5d178c3	1.6929532289505005
065985d4d0854c51f52ad7a7507b267d9b88ab1c	f4702d55b49ba075edc34309423880d091eac2b3	1.6443090438842771
065985d4d0854c51f52ad7a7507b267d9b88ab1c	49d4cb2e1788552a04c7f8fec33fbfabb3882995	1.6102911233901978
065985d4d0854c51f52ad7a7507b267d9b88ab1c	1e58d7e5277288176456c66f6b1433c41ca77415	1.5993558168411257
065985d4d0854c51f52ad7a7507b267d9b88ab1c	ce4126d64dc547f8101af4f1dead36f8df474fc8	1.584908962249756
065985d4d0854c51f52ad7a7507b267d9b88ab1c	6ee2bf4f9647e110fa7788c932a9592cf8eaeee0	1.580989122390747
065985d4d0854c51f52ad7a7507b267d9b88ab1c	330008af4074ef0e2b21787677783827d6a15056	1.5706260204315186
065985d4d0854c51f52ad7a7507b267d9b88ab1c	40f94c7e8dbce2c0fd0edc29d4ba94f52266acdd	1.555727481842041
045a50ec31973fee15ff967f18e016fae77fd1f3	01e0a7cdbf9851a30f7dc31dc79adc2a7bde1c9f	1.7039254903793335
045a50ec31973fee15ff967f18e016fae77fd1f3	e12083f6b62753e7e46fa466efd9f126b3310132	1.6882436275482178
045a50ec31973fee15ff967f18e016fae77fd1f3	1bc6ea86a8ed0a80406404693c675f11f6b8e454	1.661044955253601
045a50ec31973fee15ff967f18e016fae77fd1f3	8cafc53716505314c49fe46fe44dfa9f5542fc66	1.6424739360809326
045a50ec31973fee15ff967f18e016fae77fd1f3	385800aa5a2c4c84ad476df05721bf0ad7bf5df0	1.6424434185028076
045a50ec31973fee15ff967f18e016fae77fd1f3	5b02cf69f2f9efe0cb61c922974748d10d1506af	1.6345635652542114
045a50ec31973fee15ff967f18e016fae77fd1f3	f9823bc7eec44a9a6cd7b629c8f6430fe82877fd	1.6319161653518677
045a50ec31973fee15ff967f18e016fae77fd1f3	51f3ba2fc98fb2d0f75a090d08f91d7840a7b57c	1.6214778423309326
045a50ec31973fee15ff967f18e016fae77fd1f3	523cf537aa1050efdcf0befe1d851b363afa0396	1.5931203365325928
045a50ec31973fee15ff967f18e016fae77fd1f3	286dc0c3992f5b9c78209827117546888371b818	1.5898263454437256
09b349399b8b696d365185ee3896dfae77af8ac5	1a2c6843b9e781f2f77e875f3d073ab686f6fae3	1.6093428134918213
09b349399b8b696d365185ee3896dfae77af8ac5	4dee208efe5878bce18f60ce8268c4bdb7470775	1.511480689048767
09b349399b8b696d365185ee3896dfae77af8ac5	1a8e864093212caf1ec98c207c55cc21d4dc5775	1.508594036102295
09b349399b8b696d365185ee3896dfae77af8ac5	40f2479545c8e3f44a09b3cc7bb2bcf60f0a37d1	1.5022211074829102
09b349399b8b696d365185ee3896dfae77af8ac5	9439871c45158dd4cd42109342780de5226fe4dd	1.4944040775299072
09b349399b8b696d365185ee3896dfae77af8ac5	406cebc2b0195cda4e2d175bf9e1871bb8237b69	1.4813110828399658
09b349399b8b696d365185ee3896dfae77af8ac5	407748e97d8d3878535f6371ad324708915bf6d9	1.4724968671798706
09b349399b8b696d365185ee3896dfae77af8ac5	47165ad181b3da3a615e6e8bc8509fcfc53f49c4	1.4481818675994873
09b349399b8b696d365185ee3896dfae77af8ac5	1dc776a1f94f5a4e56ceb088827e34964a57c79c	1.4354363679885864
09b349399b8b696d365185ee3896dfae77af8ac5	4658a728225d2408a93c8706c2418dc4379d6be7	1.431042194366455
07a5c4ba84268708146aa4bf5cad9491b3e35051	22ca497e24466737981f9ca1690d6c712b7e1276	1.9144041538238523
07a5c4ba84268708146aa4bf5cad9491b3e35051	265a32d3e5a55140389df0a0b666ac5c2dfaa0bd	1.9044065475463867
07a5c4ba84268708146aa4bf5cad9491b3e35051	3d0e07fc681428f230d1be6a79c5b40450e2e332	1.8190431594848635
07a5c4ba84268708146aa4bf5cad9491b3e35051	754cd9d2853ead8610ef6949cf3e6e6a48e69168	1.815855622291565
07a5c4ba84268708146aa4bf5cad9491b3e35051	0c9ba3329d6ec82ae581cde268614abd0313fdeb	1.7911478281021118
07a5c4ba84268708146aa4bf5cad9491b3e35051	4761f0fd96284103ecd3603349c7f8078ad28676	1.7879599332809448
07a5c4ba84268708146aa4bf5cad9491b3e35051	5293778b5139599368dab36f6fa4e49e4c25df45	1.741966962814331
07a5c4ba84268708146aa4bf5cad9491b3e35051	2402066417256a70d7bf36ee163af5eba0aed211	1.735465407371521
07a5c4ba84268708146aa4bf5cad9491b3e35051	66c54b8ba52a6eae6727354dedaacbab1dd5a8ea	1.726448655128479
07a5c4ba84268708146aa4bf5cad9491b3e35051	4637f6625e7f40d3984c8a2a7a76bbd64f47bc04	1.696913719177246
0bf046038a555bc848030a28530f9836e5611b96	50ca90bc847694a7a2d9a291f0d903a15e408481	1.725492000579834
0bf046038a555bc848030a28530f9836e5611b96	84f7b7be76bc9f34e6ed9ee15defafaeb85ec419	1.6470260620117188
0bf046038a555bc848030a28530f9836e5611b96	180208256d32be9d25dbe79092e4c49ec400780f	1.6255236864089966
0bf046038a555bc848030a28530f9836e5611b96	7e49a6f11a8843b2ff5bdbf7cf95617c6219f757	1.5476446151733398
0bf046038a555bc848030a28530f9836e5611b96	b38958628b36c53d02f66124e09dbd0be0bd6672	1.52134907245636
0bf046038a555bc848030a28530f9836e5611b96	473cbc5ec2609175041e1410bc6602b187d03b23	1.515432834625244
0bf046038a555bc848030a28530f9836e5611b96	3ee02dff33c03d98fb5a2cecf298b77171f0d0dc	1.4986971616744995
0bf046038a555bc848030a28530f9836e5611b96	edf5861705647e0670f841cc6abcd2371823b13e	1.493010401725769
0bf046038a555bc848030a28530f9836e5611b96	4aa5191088edafc2d3ae6232d9db4145d0099529	1.4787572622299194
0bf046038a555bc848030a28530f9836e5611b96	926b99cbea04fb213c9984b10acf2235a3949ebb	1.4784752130508425
0416f5d1564d1f2a597acac04e81b02b2eff67d2	e0a051ad689963e33eaa854ed4bf849b91240f34	1.5406773090362549
0416f5d1564d1f2a597acac04e81b02b2eff67d2	5906297bd4108376a032cb4c610d3e2926750d47	1.5053400993347168
0416f5d1564d1f2a597acac04e81b02b2eff67d2	60e7c95e555ddfdd31b4f98f8c02bc59b925dafb	1.4476248025894165
0416f5d1564d1f2a597acac04e81b02b2eff67d2	165ef2b5f86b9b2c68b652391db5ece8c5a0bc7e	1.4430614709854126
0416f5d1564d1f2a597acac04e81b02b2eff67d2	33526226231cce669317ece44e6af262b8395dd9	1.4254530668258667
0416f5d1564d1f2a597acac04e81b02b2eff67d2	29c34a034f6f35915a141dac98cabf625bea2b3c	1.4183764457702637
0416f5d1564d1f2a597acac04e81b02b2eff67d2	b025235adf05e92ba7df7da1ced3c1d3b569d65e	1.412579894065857
0416f5d1564d1f2a597acac04e81b02b2eff67d2	cfec3fb4352ebb004b0aaf8b0a3b9869f23e7765	1.409276247024536
0416f5d1564d1f2a597acac04e81b02b2eff67d2	317eaeb73757c131bd1cf920a87c0c54f9b0dfe8	1.40685772895813
0416f5d1564d1f2a597acac04e81b02b2eff67d2	18b534c7207a1376fa92e87fe0d2cfb358d98c51	1.4063416719436646
04e4034344bda5c97015ea634e6eb1b65ef3a898	6426be25b02086a78a5dd5505c077c5d4205f275	1.5837663412094116
04e4034344bda5c97015ea634e6eb1b65ef3a898	08ae3f221339feb8230ae15647df51e7a5b5a13a	1.5817081928253174
04e4034344bda5c97015ea634e6eb1b65ef3a898	81b1991bfc9e32a3af7bd00bb84a3b4a60007f19	1.579253911972046
04e4034344bda5c97015ea634e6eb1b65ef3a898	b58b3a1dd84fe44f91510df00905a1ed33c1525c	1.5273562669754028
04e4034344bda5c97015ea634e6eb1b65ef3a898	d7b9dde9a7d304b378079049a0c2af40454a13bb	1.4304916858673096
04e4034344bda5c97015ea634e6eb1b65ef3a898	64290c658d2f1c47ad4fd8757a87ac6c9a708f89	1.420964241027832
04e4034344bda5c97015ea634e6eb1b65ef3a898	d4065b447872f7f77676adf51adf8abe6c8b3e5d	1.3919665813446045
04e4034344bda5c97015ea634e6eb1b65ef3a898	2218865804788c714410ce03ccad195393daf515	1.361656665802002
04e4034344bda5c97015ea634e6eb1b65ef3a898	b9eaf65730ae6fbb81c8c86145a6c92f6d406efc	1.337393283843994
04e4034344bda5c97015ea634e6eb1b65ef3a898	e930f44136bcc8cf32370c4caaf0734af0fa0d51	1.3371375799179075
0229829e9a1eed5769a2b5eccddcaa7cd9460b92	c67192cb7c82d2a0516b656909985823a5b2aba0	1.505391240119934
0229829e9a1eed5769a2b5eccddcaa7cd9460b92	748260579dc2fb789335a88ae3f63c114795d047	1.361525535583496
0229829e9a1eed5769a2b5eccddcaa7cd9460b92	6674729287f2482eda9e836846d2a35e63ea401c	1.3325756788253784
0229829e9a1eed5769a2b5eccddcaa7cd9460b92	1aad2da473888cb7ebc1bfaa15bfa0f1502ce005	1.304518461227417
0229829e9a1eed5769a2b5eccddcaa7cd9460b92	3a1a9e15d42b67bfdee7761311aea9b699cd0d5f	1.28606116771698
0229829e9a1eed5769a2b5eccddcaa7cd9460b92	93ce62fb04283efb253b512dc3f02b1d169ee7ed	1.283073902130127
0229829e9a1eed5769a2b5eccddcaa7cd9460b92	49941c788b9dd8a639b33b4208b32a740b8c7bf8	1.2776390314102173
0229829e9a1eed5769a2b5eccddcaa7cd9460b92	45392756fd0d437091d172e4cbbc37a66650555f	1.272108793258667
0229829e9a1eed5769a2b5eccddcaa7cd9460b92	070874b011f8eb2b18c8aa521ad0a7a932b4d9ad	1.2709531784057615
0229829e9a1eed5769a2b5eccddcaa7cd9460b92	6ec17e735cd9f7cb37485ab07b905a7895b0067d	1.270529866218567
01273bd34dacfe9ef887b320f36934d2f9fa9b34	802b80852996d87dc16082b86f6e77115eb6c9a6	1.5775799751281738
01273bd34dacfe9ef887b320f36934d2f9fa9b34	a0fd813b9218813e1b020d03a3099de7677dd145	1.5475589036941528
01273bd34dacfe9ef887b320f36934d2f9fa9b34	5de3ba76eeead6a6ee3295220080ee881f84bd27	1.513349533081055
01273bd34dacfe9ef887b320f36934d2f9fa9b34	4ee0ad8e256523256c8d21790189388ed4beca7e	1.4440622329711914
01273bd34dacfe9ef887b320f36934d2f9fa9b34	c6dac8aca55dc7326e5cb996b386db5bce4da46e	1.4309072494506836
01273bd34dacfe9ef887b320f36934d2f9fa9b34	343cc181987202cf4b98e61738d0b310927c1fcf	1.4224246740341189
01273bd34dacfe9ef887b320f36934d2f9fa9b34	a65476a4fadd112b64f519a6f51a71f6077ed0ae	1.4126425981521606
01273bd34dacfe9ef887b320f36934d2f9fa9b34	d8354a6d188a9bfca01586a5467670650f3e3a8a	1.4079374074935913
01273bd34dacfe9ef887b320f36934d2f9fa9b34	58a64cc6a1dd8269ab19b9de271e202ab3e6de92	1.4035582542419434
01273bd34dacfe9ef887b320f36934d2f9fa9b34	122374a3baf1e0efde03301226344a2d728eafc3	1.398981690406799
08eeaae7108e35a9639ef750a75132d0c71b2dd1	00d23e5c06f90bed0c9d4aec22babb2f7488817f	1.6142246723175049
08eeaae7108e35a9639ef750a75132d0c71b2dd1	2e4c06dd00c4c09ad5ac6be883cc66c19d88ea79	1.587456464767456
08eeaae7108e35a9639ef750a75132d0c71b2dd1	7d3cf8315cfb586dae984b0aa986ea0857c18cf0	1.5292154550552368
08eeaae7108e35a9639ef750a75132d0c71b2dd1	a190742917469c60e96e401140a73de5548be360	1.5203826427459717
08eeaae7108e35a9639ef750a75132d0c71b2dd1	0a6d7e8e61c54c796f53120fdb86a25177e00998	1.5112504959106443
08eeaae7108e35a9639ef750a75132d0c71b2dd1	45cb1ff9e1221b52ba3c26e33e98550f6117ae5a	1.5059950351715088
08eeaae7108e35a9639ef750a75132d0c71b2dd1	ee742cdcec6fb80fda256c7202ffc3e7e2b34f4f	1.5015692710876465
08eeaae7108e35a9639ef750a75132d0c71b2dd1	2c424f21607ff6c92e640bfe3da9ff105c08fac4	1.4967265129089355
08eeaae7108e35a9639ef750a75132d0c71b2dd1	77f8a60da1af42112e49d3b1b32243123066e09e	1.4835329055786133
08eeaae7108e35a9639ef750a75132d0c71b2dd1	109f6c2ea18058cca7b9cc734b30dea6dd64cac0	1.4816197156906128
0b40af1ad2b9781fa14e999db2d7d3270b6d2862	d43f0d39a09691ac35d7a9592c06d2a698a349d7	1.7861220836639404
0b40af1ad2b9781fa14e999db2d7d3270b6d2862	2be92d9137f4af64a059da33a58b148d153fc446	1.6844029426574707
0b40af1ad2b9781fa14e999db2d7d3270b6d2862	8deafc34941a79b9cfc348ab63ec51752c7b1cde	1.6663875579833984
0b40af1ad2b9781fa14e999db2d7d3270b6d2862	c0b54e53b2702f403369ceb9924769bfc4fcebb3	1.6367993354797363
0b40af1ad2b9781fa14e999db2d7d3270b6d2862	0bacca0993a3f51649a6bb8dbb093fc8d8481ad4	1.6273176670074463
0b40af1ad2b9781fa14e999db2d7d3270b6d2862	41809d7fc7c41cf4d0afd5823034b5c0ac2949aa	1.5911121368408203
0b40af1ad2b9781fa14e999db2d7d3270b6d2862	a4188db982a6e979d838c955a1688c1a10db5d48	1.549475908279419
0b40af1ad2b9781fa14e999db2d7d3270b6d2862	10a7b139435977094d230414372a82cdfec6d8db	1.5458588600158691
0b40af1ad2b9781fa14e999db2d7d3270b6d2862	91a073617e082582cac90aea197535e9ab206349	1.5241611003875732
0b40af1ad2b9781fa14e999db2d7d3270b6d2862	71ad31bd506ea571f6c04a293ff298f42fa7b47c	1.52165424823761
0a40663fdcf7c5fb7cfc459693116c41309e7eca	9da9786e6aba77c72516abb5cfa124402cfdb9f1	1.5001685619354248
0a40663fdcf7c5fb7cfc459693116c41309e7eca	d4884e0c1059046b42c0770f051e485275b93724	1.4086270332336426
0a40663fdcf7c5fb7cfc459693116c41309e7eca	5fe18d35bad4238b80a99ec8c4b98aca99a7e389	1.3862231969833374
0a40663fdcf7c5fb7cfc459693116c41309e7eca	97bac7ce5d830ae475bd4f5485add51f6914f2ae	1.3777282238006592
0a40663fdcf7c5fb7cfc459693116c41309e7eca	2d54e36c216de770f849125a62b4a2e74284792a	1.3654478788375854
0a40663fdcf7c5fb7cfc459693116c41309e7eca	996c790e05d113550cc1f6bb1143b92c6d07233f	1.358648419380188
0a40663fdcf7c5fb7cfc459693116c41309e7eca	a6df9a75a7a946cad8c32ee2a8c88d826a21430c	1.345886468887329
0a40663fdcf7c5fb7cfc459693116c41309e7eca	1d1ebcb8de65575d870ceacf4af613961caa2257	1.3385214805603027
0a40663fdcf7c5fb7cfc459693116c41309e7eca	3d16326c34fdbf397876fcc173702846ae9f5fc0	1.328568458557129
0a40663fdcf7c5fb7cfc459693116c41309e7eca	9b2c2e87b90bf1cf7f41d796b2298204a10050a8	1.3270235061645508
08c970df2d62d4bc27e65e8c389a0227a41109a5	1a5214cdb88ca0c4f276d8c4e5797d19c662b8a4	1.5703489780426023
08c970df2d62d4bc27e65e8c389a0227a41109a5	6f098bda64fbd59215a3e9686306b4dfb7ed3ac7	1.454084038734436
08c970df2d62d4bc27e65e8c389a0227a41109a5	d2ae393cf723228cf6f96d61ee068c681203e943	1.4430310726165771
08c970df2d62d4bc27e65e8c389a0227a41109a5	caf43effcd2f115aad2a57b1c0fe93700fa9e60a	1.4332969188690186
08c970df2d62d4bc27e65e8c389a0227a41109a5	56b9100895e9855c2d9e72f81bb5933ac8a5c17c	1.3515626192092896
08c970df2d62d4bc27e65e8c389a0227a41109a5	833723cbc2d1930d7e002acd882fda73152b213c	1.3488202095031738
08c970df2d62d4bc27e65e8c389a0227a41109a5	54f52815972d02c0a67ea0d049f4922e05ba465d	1.346696376800537
08c970df2d62d4bc27e65e8c389a0227a41109a5	2d4abf7523cda78e39029c46b19cbae74e7ee31b	1.3045604228973389
08c970df2d62d4bc27e65e8c389a0227a41109a5	2e0305d97f2936ee2a87b87ea901d500a8fbcd16	1.2791290283203125
08c970df2d62d4bc27e65e8c389a0227a41109a5	5fd16142d0c3e0ae69da838dccad42aaea1a1745	1.275612711906433
