541853e747dd63d6aff41c773e21fd1e224f0680	48c42d87cd32c4ec613d103eb6ed3d6adf9f790a	1.683922290802002
541853e747dd63d6aff41c773e21fd1e224f0680	cbf796150ff01714244f09ccc16f16ffc471ffdb	1.6807985305786133
541853e747dd63d6aff41c773e21fd1e224f0680	ffc5c53be8ec7e8e60d7a03f3e874bc1ca2b9f2d	1.6806066036224363
541853e747dd63d6aff41c773e21fd1e224f0680	498da4119cbf1441ad9b2b4234bb5174b3233b78	1.6545084714889526
541853e747dd63d6aff41c773e21fd1e224f0680	1ccf386465081b6f8cad5a753827de7576dfe436	1.647261619567871
541853e747dd63d6aff41c773e21fd1e224f0680	73cdc71ced7be58ad8eeacb8e8311358412d6bd6	1.6345304250717163
541853e747dd63d6aff41c773e21fd1e224f0680	ec03802473f86062e324a225e619866fec091135	1.6292541027069092
541853e747dd63d6aff41c773e21fd1e224f0680	add441844e5720d85058baf77c845a831d9d2a47	1.621264934539795
541853e747dd63d6aff41c773e21fd1e224f0680	12f7b71324ee8e1796a9ef07af05b66674fe6af0	1.6156381368637085
541853e747dd63d6aff41c773e21fd1e224f0680	03aa3c66aad11069e79d73108a92eeef3a43b40a	1.6156028509140017
bd185e4f80d1fa2def96815269ec60dff862a7a1	9c14dac9156668ef7c35f5464da70dfc0b1362ac	1.5657232999801636
bd185e4f80d1fa2def96815269ec60dff862a7a1	0ef93a4f1324b47eef4ad75a158b74aed9b0fdb3	1.5579376220703125
bd185e4f80d1fa2def96815269ec60dff862a7a1	cfad94900162ffcbc5a975e348a5cdccdc1e8b07	1.556708812713623
bd185e4f80d1fa2def96815269ec60dff862a7a1	63aa729924d672a37f04bd3a18e60bd0510bb3a3	1.5526325702667236
bd185e4f80d1fa2def96815269ec60dff862a7a1	17ebe1eb19655543a6b876f91d41917488e70f55	1.5467323064804075
bd185e4f80d1fa2def96815269ec60dff862a7a1	4c0179f164fbc250a22b5dd449c408aa9dbd6727	1.5459779500961304
bd185e4f80d1fa2def96815269ec60dff862a7a1	cd108ed4f69b754cf0a5f3eb74d6c1949ea6674d	1.5345662832260132
bd185e4f80d1fa2def96815269ec60dff862a7a1	9552ac39a57daacf3d75865a268935b5a0df9bbb	1.5337135791778564
bd185e4f80d1fa2def96815269ec60dff862a7a1	9904cbfba499285206d51cffe50e9a060c43e60f	1.532700538635254
bd185e4f80d1fa2def96815269ec60dff862a7a1	234f46400747a34918882c5d7f5872e03d344bea	1.5297362804412842
9003fb79e7848ced3be975c3d87a9348a4b8d377	8ed0ee88e811aaaad56d1a42e2cfce02edcc90ff	1.6635255813598633
9003fb79e7848ced3be975c3d87a9348a4b8d377	f6c133017cf45779aa12d403559c807f4f296f55	1.660612940788269
9003fb79e7848ced3be975c3d87a9348a4b8d377	7c5adcf159af8df4d91774b196fb32189efc0368	1.6587328910827637
9003fb79e7848ced3be975c3d87a9348a4b8d377	32231cecd7a740f6914b9896709188c0d876320c	1.6057443618774414
9003fb79e7848ced3be975c3d87a9348a4b8d377	336222eedc745e17f85cc85141891ed3b48b9ef7	1.5814006328582764
9003fb79e7848ced3be975c3d87a9348a4b8d377	361f606333f62187b5ef9f144da0097db7fc4d52	1.5812668800354004
9003fb79e7848ced3be975c3d87a9348a4b8d377	c9eb84b39351f840c4d1caa7924f27775f79a1fd	1.5630427598953247
9003fb79e7848ced3be975c3d87a9348a4b8d377	f2382c15763fb5c2b8cb22a1de7beaf64dd96c3b	1.5401365756988523
9003fb79e7848ced3be975c3d87a9348a4b8d377	1f9b31e0fc44e9cfce34b43ff681aea42e4c0d96	1.5352412462234497
9003fb79e7848ced3be975c3d87a9348a4b8d377	f35eccb6459a4240cf9567e93c401b15a3bbda61	1.5310148000717163
ebebd7a0e288d137f1e4e579dd7f9f510d76497e	59b5b9defaa941bbea8d906a6051d7a99e4736b8	1.7591431140899658
ebebd7a0e288d137f1e4e579dd7f9f510d76497e	32fb3a63ef554e258eaf792ebb7519390b47017e	1.7327568531036377
ebebd7a0e288d137f1e4e579dd7f9f510d76497e	56a919938ba183b63d9c0238f1723c4d3c4b9772	1.6343016624450684
ebebd7a0e288d137f1e4e579dd7f9f510d76497e	7946235f4f6a08bba2776652363a087a5cc5dbcc	1.52694833278656
ebebd7a0e288d137f1e4e579dd7f9f510d76497e	3dcabad83131ba6107c40d0f92114bfd19accb89	1.4886970520019531
ebebd7a0e288d137f1e4e579dd7f9f510d76497e	0dbf801def1dd27800f3e0ab9cbf4d36c38a1250	1.4570621252059937
ebebd7a0e288d137f1e4e579dd7f9f510d76497e	ce8f6ac09e284c042840e0a479538a18d22ba4b0	1.42803692817688
ebebd7a0e288d137f1e4e579dd7f9f510d76497e	b386d760a623fcdca7685c35470d3ba3e0177a5e	1.4267659187316897
ebebd7a0e288d137f1e4e579dd7f9f510d76497e	35e0110e4ec46edd06fe954c54a5dec02d36be3d	1.4171775579452517
ebebd7a0e288d137f1e4e579dd7f9f510d76497e	303f17eb4620d18f98d4ab8de9be146dbd59ba12	1.384787678718567
c81243651340f396c9100e86352cb43933307be9	59becb4a1d82eb55045115df32afc66a97553713	2.5183358192443848
c81243651340f396c9100e86352cb43933307be9	5caf0a60ed00c0df6bf3bc4eadcd33cbff228f8a	2.202268600463867
c81243651340f396c9100e86352cb43933307be9	b2c3f2baeb6422a248cdb85e1fe0763eb4118328	2.081273317337036
c81243651340f396c9100e86352cb43933307be9	b0e98cb07dbcbfe69313f356c3e614c187b67fd8	2.055671215057373
c81243651340f396c9100e86352cb43933307be9	76cda01403872a672711a248c5acd1b63ff43304	2.028441905975342
c81243651340f396c9100e86352cb43933307be9	3e696e53734615c4fd43ebeccc66ab1ee924a66c	1.9518964290618896
c81243651340f396c9100e86352cb43933307be9	ae812c869ffc63281673fbed33e86b11b5764189	1.9454822540283203
c81243651340f396c9100e86352cb43933307be9	e3806f6849f51442a58eae5bd26cce1a5a041fa3	1.902827739715576
c81243651340f396c9100e86352cb43933307be9	6949c82155c51eb3990e4e961449a1a631fe37d9	1.899739980697632
c81243651340f396c9100e86352cb43933307be9	68b655f1340e8484c46f521309330a311d634e3b	1.8755521774291992
c8e1dbd7590386a9060adc51f70a7bf44de01841	0dada24bcee09e1f3d556ecf81f628ecaf4659d1	1.834110736846924
c8e1dbd7590386a9060adc51f70a7bf44de01841	0cab85c646bc4572101044cb22d944e3685732b5	1.8106034994125368
c8e1dbd7590386a9060adc51f70a7bf44de01841	352e74019d86163d73618f03429ae452ab429629	1.7825605869293213
c8e1dbd7590386a9060adc51f70a7bf44de01841	4d06c2e64d76b7bccb659ea7a71ccac1574e13ac	1.767972469329834
c8e1dbd7590386a9060adc51f70a7bf44de01841	928e85a76a346ef5296e6e2e895a03f915cd952f	1.7325758934020996
c8e1dbd7590386a9060adc51f70a7bf44de01841	f1ca01eedf3514bbc19677b2baf4c2bf29ac7946	1.703149676322937
c8e1dbd7590386a9060adc51f70a7bf44de01841	26f70336acf7247a35d3c0be6308fe29f25d2872	1.690983533859253
c8e1dbd7590386a9060adc51f70a7bf44de01841	c569925bc8972c2c8a640a57513de6c904981d54	1.6870520114898682
c8e1dbd7590386a9060adc51f70a7bf44de01841	e48532330a4d3fca4f361077c8e33bdea47f3e71	1.660581350326538
c8e1dbd7590386a9060adc51f70a7bf44de01841	70fb3cea8335aefdf849597e9d9dd7512d722d88	1.646141767501831
8bb49c0658d7b7cff42c655a6d7e005372ad32ea	a3c3c084d4c30cf40e134314a5dcaf66b4019171	2.0164954662323
8bb49c0658d7b7cff42c655a6d7e005372ad32ea	4a8c571c9fd24376556c41c417bba0d6be0dc9d3	1.74708092212677
8bb49c0658d7b7cff42c655a6d7e005372ad32ea	b24799316c69f367fccbd7ce2c4c732f9f92d1b5	1.7417246103286743
8bb49c0658d7b7cff42c655a6d7e005372ad32ea	ba0644aa7569f33194090ade9f8f91fa51968b18	1.7230503559112549
8bb49c0658d7b7cff42c655a6d7e005372ad32ea	80a4a999f784f1cc2e1b8779ca4c9d42fe3a696d	1.687864065170288
8bb49c0658d7b7cff42c655a6d7e005372ad32ea	d9973f9367de4c2b1ac54c3157464e79ddeb3d6a	1.6522706747055054
8bb49c0658d7b7cff42c655a6d7e005372ad32ea	cf226f71615d4f5e780e64f4cc7e370add110dfb	1.6368303298950195
8bb49c0658d7b7cff42c655a6d7e005372ad32ea	de270dcf3a03059af50f6da3a89ff1ba5631eb04	1.628625750541687
8bb49c0658d7b7cff42c655a6d7e005372ad32ea	bc18ee4a0f26320a86852b057077e8eca78b0c13	1.621936321258545
8bb49c0658d7b7cff42c655a6d7e005372ad32ea	821c7ecebefaf0fe1fea7121a26c3eace99e8ed5	1.6177387237548828
c7c9cc68fed535c3c9d813a852e4a9e8a8eedb01	2c6bf6e57ab0782770c5112f8123b249e56ea524	1.8440017700195312
c7c9cc68fed535c3c9d813a852e4a9e8a8eedb01	7081388f372231e13080f129423f6605d0c5168f	1.7340247631072998
c7c9cc68fed535c3c9d813a852e4a9e8a8eedb01	7ad70a564c4c8898f61eddbcecf9e90f71e9d4b6	1.71186101436615
c7c9cc68fed535c3c9d813a852e4a9e8a8eedb01	cbe3f4bd334c866b1439ab6a689cd91c6375670d	1.7052167654037476
c7c9cc68fed535c3c9d813a852e4a9e8a8eedb01	1b068f70592632081e0b4c1864c38c2b36591d20	1.6917848587036133
c7c9cc68fed535c3c9d813a852e4a9e8a8eedb01	340a3377f138d88bce98ef5fe2f099fd6ebc5eda	1.6797449588775637
c7c9cc68fed535c3c9d813a852e4a9e8a8eedb01	85d3432db02840f07f7ce8603507cb6125ac1334	1.624023675918579
c7c9cc68fed535c3c9d813a852e4a9e8a8eedb01	9e8c04b9b54f0c4c742f6b3470fe5353d3b91864	1.6100282669067385
c7c9cc68fed535c3c9d813a852e4a9e8a8eedb01	5e85c3c349bb4470691505db9f774bf5ab774615	1.5863124132156372
c7c9cc68fed535c3c9d813a852e4a9e8a8eedb01	e63a1fafb12fb7cef9daa4535fee0e9136f0c47d	1.5433892011642456
d5aca71c0513f0c1669304634a85499ca19d2643	31d585499a494273b04b807ba5564f057a2b2e96	1.882218599319458
d5aca71c0513f0c1669304634a85499ca19d2643	fc306dbbcb851fcb50723009a1f068369c224a11	1.7379766702651978
d5aca71c0513f0c1669304634a85499ca19d2643	576803b930ef44b79028048569e7ea321c1cecb0	1.7378015518188477
d5aca71c0513f0c1669304634a85499ca19d2643	9dd2c8891384b13dc284e3a77cf4da29fb184a24	1.640729546546936
d5aca71c0513f0c1669304634a85499ca19d2643	47dd049e44c5e1c0e572284aa0e579900cf092a8	1.61324143409729
d5aca71c0513f0c1669304634a85499ca19d2643	34082dc7ce859da49ddec80417e2403124542e8b	1.521772384643555
d5aca71c0513f0c1669304634a85499ca19d2643	c537a1b27cc3fbc06a62b6334f2953377736220c	1.4709893465042114
d5aca71c0513f0c1669304634a85499ca19d2643	7fc3119ab077617e93a8b5b421857820a1ac745f	1.4451245069503784
d5aca71c0513f0c1669304634a85499ca19d2643	452b71fe8ec1c3e86ccfa7aeae576355146cd0b5	1.4267079830169678
d5aca71c0513f0c1669304634a85499ca19d2643	4634b63d66b7cc54421553da23cd5f3737618c86	1.4198510646820068
23b93f3b237481bd1d36941ca3312bb16f4beb58	79465f3bac4fb9f8cc66dcbe676022ddcd9c05c6	1.787522554397583
23b93f3b237481bd1d36941ca3312bb16f4beb58	98cef5c176f714a51ddfc8585b8985e968ea9d25	1.7081094980239868
23b93f3b237481bd1d36941ca3312bb16f4beb58	30419576d2ed1a2d699683ac24a4b5ec5b93f093	1.685175895690918
23b93f3b237481bd1d36941ca3312bb16f4beb58	728de8bc39d7de12b31839924078c3fcd63b0a71	1.672748327255249
23b93f3b237481bd1d36941ca3312bb16f4beb58	6985a4cb132b23778cd74bd9abed8764d103ae59	1.664717197418213
23b93f3b237481bd1d36941ca3312bb16f4beb58	9ef98f87a6b1bd7e6c006f056f321f9d291d4c45	1.6547269821166992
23b93f3b237481bd1d36941ca3312bb16f4beb58	c59f40587d27fc71cf78264c36b866058d958539	1.6138362884521484
23b93f3b237481bd1d36941ca3312bb16f4beb58	80d73ff08afb3dccd9eb456bb9a9924630e6081b	1.6134129762649536
23b93f3b237481bd1d36941ca3312bb16f4beb58	050c6fa2ee4b3e0a076ef456b82b2a8121506060	1.6094295978546145
23b93f3b237481bd1d36941ca3312bb16f4beb58	c40174aeb1be3998a2f8faae28d6689611bb7aad	1.5876716375350952
a95fd5d561bc2996b4d6d5574139ad8162cb78ce	f9537e14be6c14aaeea9983e4a96a1fa60c634bf	1.676878809928894
a95fd5d561bc2996b4d6d5574139ad8162cb78ce	badbdaacdfa3dc3b36da1a3fe338392a1259c14b	1.6520198583602903
a95fd5d561bc2996b4d6d5574139ad8162cb78ce	605a12a1d02451157cc5fd4dc475d5cbddd5cb01	1.646330952644348
a95fd5d561bc2996b4d6d5574139ad8162cb78ce	5cf52b914bfed5aa5babf340b489392c0d961d38	1.6335415840148926
a95fd5d561bc2996b4d6d5574139ad8162cb78ce	8f81d1854da5f6254780f00966d0c00d174b9881	1.6310497522354126
a95fd5d561bc2996b4d6d5574139ad8162cb78ce	bd11e68d9ca591fb3d2afe630a0f9a4a2654852c	1.617370367050171
a95fd5d561bc2996b4d6d5574139ad8162cb78ce	14752aec362de9e3e64daeb38b79fcd09f32b298	1.6168309450149536
a95fd5d561bc2996b4d6d5574139ad8162cb78ce	8985000860dbb88a80736cac8efe30516e69ee3f	1.605977177619934
a95fd5d561bc2996b4d6d5574139ad8162cb78ce	c083eb83293da33e91b50d9b488df9dd434760fb	1.5938035249710083
a95fd5d561bc2996b4d6d5574139ad8162cb78ce	bcfc0079c36354dc00cb59018182f3fa0506e9a3	1.530806064605713
95a6d727526421dc176cfc831d4413ea3487e4f0	679a256767d557d4bd9f02d6057a33e640bb5c08	1.912220358848572
95a6d727526421dc176cfc831d4413ea3487e4f0	0b8f4edf1a7b4d19d47d419f41cde432b9708ab7	1.8957008123397827
95a6d727526421dc176cfc831d4413ea3487e4f0	aef5223dd82909a78e36895e1fe261d29704eb0e	1.860196590423584
95a6d727526421dc176cfc831d4413ea3487e4f0	c4a3619d7cd10160b1d15599330011f3f9f046a3	1.8537864685058596
95a6d727526421dc176cfc831d4413ea3487e4f0	22ab39b0d687837c9119ca6c2818bc14443fc758	1.846966028213501
95a6d727526421dc176cfc831d4413ea3487e4f0	f3dcd5e56344b635647f9d3005212677a1eec8cd	1.8465185165405276
95a6d727526421dc176cfc831d4413ea3487e4f0	7d06a08c0d9c0919051f8e271a7a14cf213684ae	1.8371620178222656
95a6d727526421dc176cfc831d4413ea3487e4f0	6723549d2e0681f63482ba2883267b91c324b518	1.8330795764923096
95a6d727526421dc176cfc831d4413ea3487e4f0	c968f87bb22e2064c7cc415df4cb6b9e7591e5be	1.829831600189209
95a6d727526421dc176cfc831d4413ea3487e4f0	2e0fbdc57b0f3e1a05333e27efc13b080cad7ca9	1.820886731147766
c445e43dfac5aa734f2929944fcb5c68a319b0b6	9f675dbc30a6cb282e40f9929bd3defa96189de6	2.0408177375793457
c445e43dfac5aa734f2929944fcb5c68a319b0b6	e99f72bc1d61bc7c8acd6af66880d9a815846653	2.039303779602051
c445e43dfac5aa734f2929944fcb5c68a319b0b6	8075c73fd8b13fa9663230a383f5712bf210ebcf	2.0034570693969727
c445e43dfac5aa734f2929944fcb5c68a319b0b6	6f78a9f48de4e2942dcc3562c30fe380a316a4ee	1.9999955892562864
c445e43dfac5aa734f2929944fcb5c68a319b0b6	5414b4b90edf715a190d188fdc88cf5f69077081	1.985773086547852
c445e43dfac5aa734f2929944fcb5c68a319b0b6	6ed591fec03437ed2bf7479d92f49833e3851f71	1.963765382766724
c445e43dfac5aa734f2929944fcb5c68a319b0b6	b35cba9513348875c7dd28b72b70b95964737765	1.9052032232284544
c445e43dfac5aa734f2929944fcb5c68a319b0b6	46ed0e6077fe5d2a571c99f1dc50f2cd697a6815	1.8914096355438232
c445e43dfac5aa734f2929944fcb5c68a319b0b6	59f153ddd37e22af153aa0d7caf3ec44053aa8e8	1.88911771774292
c445e43dfac5aa734f2929944fcb5c68a319b0b6	a158e943b31d9abe9bdcc63f344c5fd91ab8edbe	1.8554455041885376
fbb4138d94863c8fc27aae824eaec9af2e971f22	6a93746a943ac42ebd8392a12ddc8c4f0c304b80	2.787394523620605
fbb4138d94863c8fc27aae824eaec9af2e971f22	4f3dbfec5c67f0fb0602d9c803a391bc2f6ee4c7	2.434227705001831
fbb4138d94863c8fc27aae824eaec9af2e971f22	c9e9eb090facc4e70c96cdd95f38329a7969a4dc	2.189281463623047
fbb4138d94863c8fc27aae824eaec9af2e971f22	185a3f6d4965bb9922894c58dd15ad4e98e25b02	2.1156301498413086
fbb4138d94863c8fc27aae824eaec9af2e971f22	5ec3ee90bbc5b23e748d82cb1914d1c45d85bdd9	2.0726001262664795
fbb4138d94863c8fc27aae824eaec9af2e971f22	cda7f46731bac9846ec2ba2bd94df196c008bab4	2.059216260910034
fbb4138d94863c8fc27aae824eaec9af2e971f22	1b645b3a2366baeb6e6b485ec5b414fc0827fb86	2.011532783508301
fbb4138d94863c8fc27aae824eaec9af2e971f22	4d26eb642175bcd01f0f67e55d73735bcfb13bab	2.009972333908081
fbb4138d94863c8fc27aae824eaec9af2e971f22	d45f16e1003d0f9122c1a27cbbb6d1e094d24a4e	2.0007994174957275
fbb4138d94863c8fc27aae824eaec9af2e971f22	cf7047567f6ee2a3adec2893a5a1987d35e93ce8	1.999950885772705
7ac01e727c60f0c64e00c7207d432ff2138d7b3f	1a75817226876f3a3bd052ddd3cb8fb7d634d81e	1.7769664525985718
7ac01e727c60f0c64e00c7207d432ff2138d7b3f	522b3ad27c2d6317ffb3bb5647777e88d932f342	1.7322900295257568
7ac01e727c60f0c64e00c7207d432ff2138d7b3f	a44364bf7c9d8d2d4b93637e81cf9d51dc3aae62	1.6532645225524902
7ac01e727c60f0c64e00c7207d432ff2138d7b3f	3084d5f726e262cfba647d8417fd76145ee3f662	1.623480200767517
7ac01e727c60f0c64e00c7207d432ff2138d7b3f	f183f06d55a149a74e0d10b8dd8253383f7c9c7b	1.6167081594467163
7ac01e727c60f0c64e00c7207d432ff2138d7b3f	72a2680a9043977f2f5ed776170b75beeff5b815	1.614222288131714
7ac01e727c60f0c64e00c7207d432ff2138d7b3f	bfc3ff21f8418e415548529083cd68e9f3dfa488	1.6097142696380615
7ac01e727c60f0c64e00c7207d432ff2138d7b3f	886cf13c12bb575e68238d830a2970ea2f1af516	1.57228684425354
7ac01e727c60f0c64e00c7207d432ff2138d7b3f	d8de994a13bbebb8d95b14429c5d51798e5187e3	1.563154697418213
7ac01e727c60f0c64e00c7207d432ff2138d7b3f	42cf562f8d089982e59432d356dc588ffd600737	1.5284677743911743
fd65ca4e3ae95302f74bf863988cdb95d6a12824	473cbc5ec2609175041e1410bc6602b187d03b23	1.7339297533035278
fd65ca4e3ae95302f74bf863988cdb95d6a12824	5b8e4b909309910fd393e2eb8ca17c9540862141	1.7155897617340088
fd65ca4e3ae95302f74bf863988cdb95d6a12824	312b125002101480693f6b842685d0bb0ca19096	1.6978486776351929
fd65ca4e3ae95302f74bf863988cdb95d6a12824	969c055f67efe1296bd9816c4effb5d4dfd83948	1.683713674545288
fd65ca4e3ae95302f74bf863988cdb95d6a12824	069443f2bbeb2deedefb600c82ed59cde2137e60	1.6669909954071045
fd65ca4e3ae95302f74bf863988cdb95d6a12824	67efaba1be4c0462a5fc2ce9762f7edf9719c6a0	1.655440330505371
fd65ca4e3ae95302f74bf863988cdb95d6a12824	cc76f5d348ab6c3a20ab4adb285fc1ad96d3c009	1.6466797590255735
fd65ca4e3ae95302f74bf863988cdb95d6a12824	682af5b9069369aae4e463807dcfcc96bce26a83	1.642526149749756
fd65ca4e3ae95302f74bf863988cdb95d6a12824	65541ef6e41cd870eb2d8601c401ac03ac62aacb	1.6374061107635498
fd65ca4e3ae95302f74bf863988cdb95d6a12824	4aa5191088edafc2d3ae6232d9db4145d0099529	1.635845184326172
823b646805304b213779149e968cdc081909b651	c75c82be2e98a8d66907742a89b886902c1a0162	2.3430063724517822
823b646805304b213779149e968cdc081909b651	4833d690f7e0a4020ef48c1a537dbb5b8b9b04c6	2.1440396308898926
823b646805304b213779149e968cdc081909b651	790889ca41c05cae84c1d12d12b904416e00cc98	2.14243745803833
823b646805304b213779149e968cdc081909b651	613c001c968a96e05ee60034074ed29a9d76e125	2.0577423572540283
823b646805304b213779149e968cdc081909b651	01a9da9886fe353d77b6d6bc6854619ffe148438	2.037324905395508
823b646805304b213779149e968cdc081909b651	439f282365fb5678f8e891cf92fbc0c5b83e030c	2.0347342491149902
823b646805304b213779149e968cdc081909b651	2accf0e9bc488a689b8b577738ec2138b210240b	1.9766933917999268
823b646805304b213779149e968cdc081909b651	280bb91e1f8f84eec3979c5d592396d3a4a2963c	1.9672949314117432
823b646805304b213779149e968cdc081909b651	249fdd8406a8aea1342dc6ea17b589181c9c37dd	1.96555495262146
823b646805304b213779149e968cdc081909b651	d36cd15ef245eb1c604b3f8286dde3dda19ffefa	1.964145302772522
3be10c45163c61dfb9f250412699b3f8cb0ada1d	5be6e653955d5ff18b7cf2dbffa94d31f11d1f06	1.9796438217163088
3be10c45163c61dfb9f250412699b3f8cb0ada1d	f1e1437ad6cada93dc8627f9c9679ffee02d921c	1.9615819454193115
3be10c45163c61dfb9f250412699b3f8cb0ada1d	bca4e05a45f310ceb327d67278858343e8df7089	1.948345184326172
3be10c45163c61dfb9f250412699b3f8cb0ada1d	f7b10f5aa56bcfabedf6329808a8cf920df7b285	1.882529020309448
3be10c45163c61dfb9f250412699b3f8cb0ada1d	430a2146b47522f45bf417e17bb89922f3d9fcbc	1.8408281803131104
3be10c45163c61dfb9f250412699b3f8cb0ada1d	657b59e24b5fac8149ddeecf7ef1bcf162c48ab2	1.8357771635055544
3be10c45163c61dfb9f250412699b3f8cb0ada1d	7113af6cefeece031e00aac386c35fa17a87ca01	1.795978307723999
3be10c45163c61dfb9f250412699b3f8cb0ada1d	58ccbcff078c8dd4ce8777870603bde174c70acf	1.7877349853515625
3be10c45163c61dfb9f250412699b3f8cb0ada1d	4f96e06db144823d16516af787e96d13073b4316	1.7362606525421145
3be10c45163c61dfb9f250412699b3f8cb0ada1d	dbf15b7c5f766ef9f84ba83127c626d79b2087b2	1.720358967781067
41b61cca52de9db6dcd6f36700cd0420cc7cd024	cf4e9530c1aaab41b1ce414f7535c2510598a980	1.8413662910461424
41b61cca52de9db6dcd6f36700cd0420cc7cd024	22be3a5dac2c67a71c78e6bc70f7f4649c636826	1.839064598083496
41b61cca52de9db6dcd6f36700cd0420cc7cd024	25239ec7fb6159166dfe15adf229fc2415f071df	1.8304303884506223
41b61cca52de9db6dcd6f36700cd0420cc7cd024	4c2bbcb3e897e927cd390517b2036b0b9123953c	1.734616994857788
41b61cca52de9db6dcd6f36700cd0420cc7cd024	7ef50bc62345704996c358df6baa27fff0b6a8c7	1.6857725381851196
41b61cca52de9db6dcd6f36700cd0420cc7cd024	a5dbfb900cc5c1ae953fc16a414547ab0d937d33	1.6839869022369385
41b61cca52de9db6dcd6f36700cd0420cc7cd024	b348042a91beb4fa0c60fd94f27cf0366d5f9630	1.6463193893432615
41b61cca52de9db6dcd6f36700cd0420cc7cd024	ba4eec4a53013e4a5ae0151d3722627f68a676c0	1.6158065795898438
41b61cca52de9db6dcd6f36700cd0420cc7cd024	f058c2376ba396e062cb1b9f5d6f476fd6515927	1.600533962249756
41b61cca52de9db6dcd6f36700cd0420cc7cd024	f7d3b7986255f2e5e2402e84d7d7c5e583d7cb05	1.5999191999435425
0f1b8238e4b8f8937c78dbd2d77d3945723b596a	62363da5c2e84a06cf9a21ca5977a4dd18bfbe9a	1.917528510093689
0f1b8238e4b8f8937c78dbd2d77d3945723b596a	e09c38c84e953f85d4ebca9b5c2b9f9e25903d9f	1.7401543855667114
0f1b8238e4b8f8937c78dbd2d77d3945723b596a	47cc4c948d08a22639770ad3bbf1b41e18c6edfe	1.6964421272277832
0f1b8238e4b8f8937c78dbd2d77d3945723b596a	5af83b56353c5fba0518c203d192ffb6375cd986	1.6908259391784668
0f1b8238e4b8f8937c78dbd2d77d3945723b596a	60bbeedf201a2fcdf9efac19ff32aafe2e33b606	1.6894524097442627
0f1b8238e4b8f8937c78dbd2d77d3945723b596a	03583e58838ca97cca1526082bd059080bfbcf16	1.649829626083374
0f1b8238e4b8f8937c78dbd2d77d3945723b596a	fd06836db095e897ca83c43820d1d44fb481201a	1.590782642364502
0f1b8238e4b8f8937c78dbd2d77d3945723b596a	5f1e8d265b1d3301c0472f92e097e4c3b9298d80	1.5617718696594238
0f1b8238e4b8f8937c78dbd2d77d3945723b596a	83f6e857033a54c271fe178391ac23044c623b05	1.5579640865325928
0f1b8238e4b8f8937c78dbd2d77d3945723b596a	2cb7835672029e97a20e006cd8cee918cb351d03	1.5404157638549805
8a1838c64441c5a659a7fbcf80531e5e5ff53d84	4fd83bb97d1bf3fba9dffd025d77c0f0f684a3d5	2.190366744995117
8a1838c64441c5a659a7fbcf80531e5e5ff53d84	6eb662ef35ec514429c5ba533b212a3a512c3517	2.1252381801605225
8a1838c64441c5a659a7fbcf80531e5e5ff53d84	3303b29b10ce7cd76c799ad0c796521751347f9f	2.0987038612365723
8a1838c64441c5a659a7fbcf80531e5e5ff53d84	63aecf799caa0357c8cc0e40a49116c56703895a	2.0535314083099365
8a1838c64441c5a659a7fbcf80531e5e5ff53d84	465a2d29d1c3b2a81e79b816d0ce25f5d6ad9bea	2.0459346771240234
8a1838c64441c5a659a7fbcf80531e5e5ff53d84	49b56c7d888215c0ec8d93eddb5b665df8ee289d	2.0247128009796143
8a1838c64441c5a659a7fbcf80531e5e5ff53d84	b820d775aeffd7fdb0f518e85148916b001e34ab	2.005914688110352
8a1838c64441c5a659a7fbcf80531e5e5ff53d84	76d3036f2988ceb693e6f72bac37569a9c4797d9	1.9817571640014648
8a1838c64441c5a659a7fbcf80531e5e5ff53d84	0af7d6ed75ec9436426edfb75c0aeb774df5607a	1.9710845947265625
8a1838c64441c5a659a7fbcf80531e5e5ff53d84	41869bf990c0996fe95f2a080a9ff93bedf9067a	1.9438598155975344
ce00fc554965ea7b187dfa93292013f019d67d39	2fb03a66f250a2c51eb2eb30344a13a5e4d8a265	2.0514020919799805
ce00fc554965ea7b187dfa93292013f019d67d39	3f04541a67b60285be3fc6d0b2af5ff3c5221eda	1.9655520915985107
ce00fc554965ea7b187dfa93292013f019d67d39	ee35c52c22fadf92277c308263be6288249a6327	1.8499020338058472
ce00fc554965ea7b187dfa93292013f019d67d39	b42d95996b8760ec06cfa1894e411bdb972be9c4	1.849703550338745
ce00fc554965ea7b187dfa93292013f019d67d39	161cd409a78437df0ce56afe8a2cf53c125605d2	1.839644432067871
ce00fc554965ea7b187dfa93292013f019d67d39	6723549d2e0681f63482ba2883267b91c324b518	1.838646650314331
ce00fc554965ea7b187dfa93292013f019d67d39	33e6ba0eaebf15334d08eba275c626338ef6068f	1.8232922554016116
ce00fc554965ea7b187dfa93292013f019d67d39	76c87ec44fc5dc96bc445abe008deaf7c97c9373	1.822774887084961
ce00fc554965ea7b187dfa93292013f019d67d39	9430de4089bcfcfa7c26a8cca2412a8bfc3c2b4e	1.8226354122161863
ce00fc554965ea7b187dfa93292013f019d67d39	7ae152644e006474e8dca8da61fc6aa11969890e	1.817651629447937
b0b69f570647dde42aaf9c521675877d79d658ba	d4a8c656ec724dc537aa6684866a459921e417f7	1.5376430749893188
b0b69f570647dde42aaf9c521675877d79d658ba	29988468d03c4aa0df535f24aa82ec0dfb19b186	1.5304144620895386
b0b69f570647dde42aaf9c521675877d79d658ba	37ed69b9fe173d68390ccfb7d49f9c28fbed808c	1.512427806854248
b0b69f570647dde42aaf9c521675877d79d658ba	c9aa18b67ffda7a867cf431ff0b382a60ac8998c	1.4915285110473633
b0b69f570647dde42aaf9c521675877d79d658ba	2ffc08388367569d4eb99aa05b224dc92f299164	1.4682859182357788
b0b69f570647dde42aaf9c521675877d79d658ba	658ae58cc25748e5767ca17710c42d9b0d9061be	1.453349232673645
b0b69f570647dde42aaf9c521675877d79d658ba	0e8efd4874aed280a42540d7699ff72a0f073a88	1.4451645612716677
b0b69f570647dde42aaf9c521675877d79d658ba	ea33172af0532d7bf9688ad58a86d567e7b84904	1.4314327239990234
b0b69f570647dde42aaf9c521675877d79d658ba	4c359447d4759efcdfe2ac37a7bdfa7c0d56544a	1.4245878458023071
b0b69f570647dde42aaf9c521675877d79d658ba	69e3cdc35529d52a331d3d9dce986793c0eaaa0e	1.4223344326019287
0bbdd4905f23994e0b5a0d91fc332b2af336f1e8	6ba7a9e2bc2c8f3fe7623fc3006c150eb5bf1717	1.7937493324279783
0bbdd4905f23994e0b5a0d91fc332b2af336f1e8	8d4ee7bb188474523fa9d36a68acf1672e6abf3a	1.7338751554489136
0bbdd4905f23994e0b5a0d91fc332b2af336f1e8	076be17f97325fda82d1537aaa48798eb66ba91f	1.7180463075637815
0bbdd4905f23994e0b5a0d91fc332b2af336f1e8	4987aaf293f1715aeda9387f832e3630a79fe74b	1.5555332899093628
0bbdd4905f23994e0b5a0d91fc332b2af336f1e8	c4df7d84eb47e416af043dc20d053d3cb45e9571	1.5542343854904177
0bbdd4905f23994e0b5a0d91fc332b2af336f1e8	6ac3171269609e4c2ca1c3326d1433a9c5b6c121	1.4652082920074463
0bbdd4905f23994e0b5a0d91fc332b2af336f1e8	da09bc42bbf5421b119abea92716186a1ca3f02f	1.4575587511062622
0bbdd4905f23994e0b5a0d91fc332b2af336f1e8	2a61ff2716b68672cbfeddb3ecd166dc856afe96	1.4478402137756348
0bbdd4905f23994e0b5a0d91fc332b2af336f1e8	22ab75ccad4fe337b330004111e255ee89e2ed31	1.443789005279541
0bbdd4905f23994e0b5a0d91fc332b2af336f1e8	0b277244b78a172394d3cbb68cc068fb1ebbd745	1.4424151182174685
f1b7cb07e6f6b0c1cb142f8e46da4957ea7960f6	ce334946188479f095ab0366c95f14888181cfc3	1.569052815437317
f1b7cb07e6f6b0c1cb142f8e46da4957ea7960f6	4c92026d57ea1c81301723bd4bcf45d645efe517	1.444881796836853
f1b7cb07e6f6b0c1cb142f8e46da4957ea7960f6	820a9232fdf395d3f5cfdf928fce4b945833ecd1	1.437004804611206
f1b7cb07e6f6b0c1cb142f8e46da4957ea7960f6	fc5f08a4e4ef0f63d0091377fa2c649e68f0c5fd	1.4334453344345093
f1b7cb07e6f6b0c1cb142f8e46da4957ea7960f6	6fd62c67b281956c3f67eb53fafaea83b2f0b4fb	1.4265449047088623
f1b7cb07e6f6b0c1cb142f8e46da4957ea7960f6	8a81800350e0572202607152fc861644d4e39a54	1.4239885807037354
f1b7cb07e6f6b0c1cb142f8e46da4957ea7960f6	a3d3f566bb2a9020f51ba2e5a561d43c20f2fa3e	1.4194414615631104
f1b7cb07e6f6b0c1cb142f8e46da4957ea7960f6	6c93f95929fa900bb2eafbd915d417199bc0a9dc	1.410954236984253
f1b7cb07e6f6b0c1cb142f8e46da4957ea7960f6	041326c202655cd60df276bf7a148f2ecddfc479	1.4098622798919678
f1b7cb07e6f6b0c1cb142f8e46da4957ea7960f6	abbb5854f5583703fc41112d40d7fe13742de81d	1.4048453569412231
0bb9e12f068657407cde9f76e35bd540184edb3e	36e4bad3400ce11b64db43ed47d2844f47678c5a	1.7936935424804688
0bb9e12f068657407cde9f76e35bd540184edb3e	b77dc5d09e39caf87df306d6f1b5758907bbbe6a	1.740696668624878
0bb9e12f068657407cde9f76e35bd540184edb3e	61566dcd32e8e724353b95a469bf5849904a1058	1.6936886310577393
0bb9e12f068657407cde9f76e35bd540184edb3e	04e8648b268ffe16b0f0eab68402bdb433708b83	1.6812658309936523
0bb9e12f068657407cde9f76e35bd540184edb3e	ff0f6c4c5913a909dc2f319fa68d064f4d93db5f	1.6697757244110107
0bb9e12f068657407cde9f76e35bd540184edb3e	5c11bab81f973d4d4ba2d9c4ca9e105e2b89cc0b	1.6696290969848633
0bb9e12f068657407cde9f76e35bd540184edb3e	39655a2a25dae954bdbb6b679a86d6dfa39d47ad	1.656485676765442
0bb9e12f068657407cde9f76e35bd540184edb3e	ea4a2dfa0eab0260a184e5aad0046d62c0dd52bc	1.636031150817871
0bb9e12f068657407cde9f76e35bd540184edb3e	0502017650165c742ad7eaf14fe72b5925c90707	1.6312289237976074
0bb9e12f068657407cde9f76e35bd540184edb3e	f62b9c6ef565e820d21dfa64e4aed00323a50417	1.629727125167847
41e5ed6744f1c901a55ee68ea8235d3340e32528	9f8f7e6cc18205b92ecf9e792bfcdb4b6f19cae3	1.3974239826202393
41e5ed6744f1c901a55ee68ea8235d3340e32528	f5d6a1f6581b097e06620063e364f0c538956c3c	1.3737138509750366
41e5ed6744f1c901a55ee68ea8235d3340e32528	bed359015324e4e105e95cce895cc79cae2bc2e7	1.316212177276611
41e5ed6744f1c901a55ee68ea8235d3340e32528	ca1d8985e029527cb143278e87012ab22a081724	1.309272050857544
41e5ed6744f1c901a55ee68ea8235d3340e32528	098463dcd780b59d966cc76336b9beb1c85f6499	1.3033294677734375
41e5ed6744f1c901a55ee68ea8235d3340e32528	b2aaa63f6f5f0540da1b530853e427574c0848a0	1.2891215085983276
41e5ed6744f1c901a55ee68ea8235d3340e32528	41e0436a617bda62ef6d895d58f1c4347a90dc89	1.2832787036895752
41e5ed6744f1c901a55ee68ea8235d3340e32528	8a9455e4dcac03b5fd891a74bcf0fdcd80cf51e4	1.2743926048278809
41e5ed6744f1c901a55ee68ea8235d3340e32528	ed261525dd4648b01f494ffc3974b906d3fc5c85	1.2718839645385742
41e5ed6744f1c901a55ee68ea8235d3340e32528	62036dc21fedc161663cc4fd080e9aef95c57581	1.2683597803115845
d8dea89f5c7fb15d5ba16d2edcd2933a25789ee6	bbc964cf09b35127f671628b53bdee5fa0780047	1.7554965019226074
d8dea89f5c7fb15d5ba16d2edcd2933a25789ee6	d1d5e9ab7865e26bb2d40d8476ccc9db46c9b79a	1.746326208114624
d8dea89f5c7fb15d5ba16d2edcd2933a25789ee6	ccce1cf96f641b3581fba6f4ce2545f4135a15e3	1.7461183071136477
d8dea89f5c7fb15d5ba16d2edcd2933a25789ee6	6442bba9457682becf1ed9dbe6566ef64355d5e8	1.718163251876831
d8dea89f5c7fb15d5ba16d2edcd2933a25789ee6	4b2d1869c9cda9630ba55bd87aba397ed2dea3b5	1.6462655067443848
d8dea89f5c7fb15d5ba16d2edcd2933a25789ee6	581c8ef54a77a58ebfb354426d16b0dfab596cb7	1.6420848369598389
d8dea89f5c7fb15d5ba16d2edcd2933a25789ee6	2c0005665472b687cca2d1b527ad3b0254e905c0	1.627815008163452
d8dea89f5c7fb15d5ba16d2edcd2933a25789ee6	bbceefc86d8744c9d929a0930721f8415df97b11	1.6199678182601929
d8dea89f5c7fb15d5ba16d2edcd2933a25789ee6	5569dd2da7a10c1480ca6159ff746122222d0e9c	1.6115424633026123
d8dea89f5c7fb15d5ba16d2edcd2933a25789ee6	1f75856bba0feb216001ba551d249593a9624c01	1.604953408241272
222d908535d67563709bb72de7aed4739133ee3e	0889019b395890f57bfae3ce7d8391649ae68de4	1.4853074550628662
222d908535d67563709bb72de7aed4739133ee3e	b81c9a3f774f839a79c0c6e40449ae5d5f49966a	1.4818017482757568
222d908535d67563709bb72de7aed4739133ee3e	6a694487451957937adddbd682d3851fabd45626	1.4707331657409668
222d908535d67563709bb72de7aed4739133ee3e	81eb0a1ea90a6f6d5e7f14cb3397a4ee0f77824a	1.458033800125122
222d908535d67563709bb72de7aed4739133ee3e	50733aebb9fa0397f6fda33f39d4827feb74a0a6	1.4313137531280518
222d908535d67563709bb72de7aed4739133ee3e	167abf2c9eda9ce21907fcc188d2e41da37d9f0b	1.3921058177947998
222d908535d67563709bb72de7aed4739133ee3e	9ebe574f95efdb5868a60764bb2f46e2783a00a6	1.3797709941864014
222d908535d67563709bb72de7aed4739133ee3e	07f3f736d90125cb2b04e7408782af411c67dd5a	1.352112889289856
222d908535d67563709bb72de7aed4739133ee3e	23d0ba7c85940553f994e8ed992585da5e2bffdb	1.3441555500030518
222d908535d67563709bb72de7aed4739133ee3e	6c319487df3b3ef48fe6ea4b971151bd183ae5ea	1.3392908573150637
72cf3347ff06226e57214b49801de9fc02df8d52	63c6aa77e7c1d40f70223a73b08239423236899a	1.604617953300476
72cf3347ff06226e57214b49801de9fc02df8d52	c6dac8aca55dc7326e5cb996b386db5bce4da46e	1.5820938348770142
72cf3347ff06226e57214b49801de9fc02df8d52	26d92017242e51238323983eba0fad22bac67505	1.5783438682556152
72cf3347ff06226e57214b49801de9fc02df8d52	0623a11d5f534b194ab9f22c8a986f6ff8cf7578	1.5731812715530396
72cf3347ff06226e57214b49801de9fc02df8d52	32e6fbc44a79bad68087c003a6e31f55b9584758	1.5707509517669678
72cf3347ff06226e57214b49801de9fc02df8d52	09f02eee625b7aa6ba7e6f31cfb56f6d4ddd0fdd	1.5608434677124023
72cf3347ff06226e57214b49801de9fc02df8d52	6b02a00274af1f5a432223adf61205e11ccf7249	1.5586235523223877
72cf3347ff06226e57214b49801de9fc02df8d52	d63cbf5fe0143d679b26bf61f353c4fbf59137e5	1.5484440326690674
72cf3347ff06226e57214b49801de9fc02df8d52	9270f2bf533897ab5711c65eb269561b39a2055e	1.5455771684646606
72cf3347ff06226e57214b49801de9fc02df8d52	0b1447fda2c0c1a55df07ab1d405fffcedd0420f	1.5391888618469238
505942c5f9b5779bda2859e22e9ed0b1c0c7b54a	5fc541e1431aea41261569af2f9473c8fbd0e5ec	1.9102838039398196
505942c5f9b5779bda2859e22e9ed0b1c0c7b54a	b6f21b21f775a71f3e330d06922ce87d02ce9e3a	1.785473346710205
505942c5f9b5779bda2859e22e9ed0b1c0c7b54a	761f2288b1b0cea385b0b9a89bb068593d94d6bd	1.7685893774032593
505942c5f9b5779bda2859e22e9ed0b1c0c7b54a	0dd72887465046b0f8fc655793c6eaaac9c03a3d	1.761826753616333
505942c5f9b5779bda2859e22e9ed0b1c0c7b54a	4cb2f596c796fda6d12248824f68460db84100e4	1.7324939966201782
505942c5f9b5779bda2859e22e9ed0b1c0c7b54a	ea2435d3b476516d93c871ccf0baa64a50503b1c	1.7301042079925537
505942c5f9b5779bda2859e22e9ed0b1c0c7b54a	14ce7635ff18318e7094417d0f92acbec6669f1c	1.7295396327972412
505942c5f9b5779bda2859e22e9ed0b1c0c7b54a	32be839a8cd7c71fb4ba93a60251f05c87a3d286	1.7252154350280762
505942c5f9b5779bda2859e22e9ed0b1c0c7b54a	05e96d76ed4a044d8e54ef44dac004f796572f1a	1.7237895727157593
505942c5f9b5779bda2859e22e9ed0b1c0c7b54a	4d58f886f5150b2d5e48fd1b5a49e09799bf895d	1.7232880592346191
81da438cb67600f6cb2920021e2327bb4c1d482d	ba2ceb8f6c9bf49da1b366e4757d202724c3bff4	1.7731118202209473
81da438cb67600f6cb2920021e2327bb4c1d482d	feebbb3378245c28c708a290a888248026b06ca8	1.7402502298355105
81da438cb67600f6cb2920021e2327bb4c1d482d	c2aa3c7fd59a43c949844e98569429261dba36e6	1.7336888313293457
81da438cb67600f6cb2920021e2327bb4c1d482d	cded2e16ad67f690c37a7c686ae5431c69caddcb	1.7124669551849363
81da438cb67600f6cb2920021e2327bb4c1d482d	f52f5517f6643739fc939f27d544987d8d681921	1.70453679561615
81da438cb67600f6cb2920021e2327bb4c1d482d	f4e2fff95ba8d469fed09c8bd7efa0604ece3be3	1.7008297443389893
81da438cb67600f6cb2920021e2327bb4c1d482d	83bcd3591d8e5d43d65e9e1e83e4c257f8431d4a	1.6524277925491333
81da438cb67600f6cb2920021e2327bb4c1d482d	22a8979b53315fad7f98781328cc0326b5147cca	1.6349233388900757
81da438cb67600f6cb2920021e2327bb4c1d482d	b526780b22900c2e159a9fd63bf2046eff47606f	1.616978406906128
81da438cb67600f6cb2920021e2327bb4c1d482d	9956f1e667b61ebdec55abd32c41686a0dc34335	1.6139883995056152
daa9e3b88e01db5440b671af2d13c1ee974a8fcb	ec1df2ae7a2754c2c763d6817fc5358ceb71bd26	2.096874237060547
daa9e3b88e01db5440b671af2d13c1ee974a8fcb	0570ff70c04664c88a57598ec811264570912e2e	1.9383562803268437
daa9e3b88e01db5440b671af2d13c1ee974a8fcb	3c3b468b901236e75c261e29b652719d3f2c462c	1.8859741687774656
daa9e3b88e01db5440b671af2d13c1ee974a8fcb	81a81ff448b0911cbb63abecd9c54949ce8d50fd	1.85109543800354
daa9e3b88e01db5440b671af2d13c1ee974a8fcb	9d19e705e94173aaeae05103d403274c65628486	1.841742753982544
daa9e3b88e01db5440b671af2d13c1ee974a8fcb	c1ab5f9f239f8b252d397c9104133f20ac46e8ae	1.8165202140808103
daa9e3b88e01db5440b671af2d13c1ee974a8fcb	63abfb7d2d35d60a5dc2cc884251f9fee5d46963	1.813228726387024
daa9e3b88e01db5440b671af2d13c1ee974a8fcb	915330171091202fa629d4241f05917447f03708	1.771097183227539
daa9e3b88e01db5440b671af2d13c1ee974a8fcb	5dfb49cd8cc0568e2cc8204de7fa4aca30ff0ca7	1.7658003568649292
daa9e3b88e01db5440b671af2d13c1ee974a8fcb	33625011888a2f86233a4e5bd07643ad6f7041b7	1.7600845098495483
d2e4a2d9590b7ae6c34fc59faa34a4217c5cac53	fa0092adfb76508be15ec05fde2dcf854d4e5d02	1.964383125305176
d2e4a2d9590b7ae6c34fc59faa34a4217c5cac53	75c4b33059aa300e7b52d1b5dab37968ac927e89	1.963897943496704
d2e4a2d9590b7ae6c34fc59faa34a4217c5cac53	1cbea85150da333128d54603ed8567ac4df1d2c1	1.959959387779236
d2e4a2d9590b7ae6c34fc59faa34a4217c5cac53	44f80bcdf36ebb83457dc091c6ceedc1c651af34	1.8897844552993772
d2e4a2d9590b7ae6c34fc59faa34a4217c5cac53	b9132f59935e7b9e9ccf90d9cca7ee1202c806f1	1.8763329982757568
d2e4a2d9590b7ae6c34fc59faa34a4217c5cac53	944692d5d33fbc5f42294a8310380e0b057a1320	1.8716297149658203
d2e4a2d9590b7ae6c34fc59faa34a4217c5cac53	aa33d8f540baf255529392d8d2a96127256307d1	1.859379768371582
d2e4a2d9590b7ae6c34fc59faa34a4217c5cac53	be4118d4ef1eccb9f7817d16f8d3cf9bffb01fe7	1.8358508348464968
d2e4a2d9590b7ae6c34fc59faa34a4217c5cac53	f20c6d8c99e06646a063ef71c747d1fe3759d701	1.8329252004623413
d2e4a2d9590b7ae6c34fc59faa34a4217c5cac53	9462cd1ec2e404b22f76c88b6149d1e84683acb7	1.8269200325012207
a11de72de4723edc3e8cffabac259cffa13ded1b	dcd96df43c3f1577e6bd1634cfd58ddc891d8e66	1.8639845848083496
a11de72de4723edc3e8cffabac259cffa13ded1b	10254c472248b5831352eaa2b542fbba455a4f0e	1.7392866611480713
a11de72de4723edc3e8cffabac259cffa13ded1b	eca39806805544a5e9423f5025bf896ad3741cc0	1.6361271142959597
a11de72de4723edc3e8cffabac259cffa13ded1b	9be1df07e4ffcec086af9fa6ff6177708bba6bb1	1.622833013534546
a11de72de4723edc3e8cffabac259cffa13ded1b	3e37eb2620e86bafdcab25f7086806ba1bac3404	1.58661687374115
a11de72de4723edc3e8cffabac259cffa13ded1b	a263478403e855e39616009232ff06b66b8eda31	1.5680630207061768
a11de72de4723edc3e8cffabac259cffa13ded1b	f01b4ef5e825cb73836c58a308ea6b7680cc5537	1.566969394683838
a11de72de4723edc3e8cffabac259cffa13ded1b	8ae5dde36e2755fd9afcb8a62df8cc9e35c79cb1	1.5636298656463623
a11de72de4723edc3e8cffabac259cffa13ded1b	42ad00c8ed436f6b8f0a4a73f55018210181e4a3	1.5613001585006714
a11de72de4723edc3e8cffabac259cffa13ded1b	2c6bf6e57ab0782770c5112f8123b249e56ea524	1.5529409646987915
304899db87ea51fa65eb562ecc918cb2ebeb41ee	b07bfdebdf11b7ab3ea3d5f0087891c464c5e34d	2.296384334564209
304899db87ea51fa65eb562ecc918cb2ebeb41ee	1ff3ebd402e29c3af7226ece7f1d716daf1eb4a9	2.263796091079712
304899db87ea51fa65eb562ecc918cb2ebeb41ee	cda7f46731bac9846ec2ba2bd94df196c008bab4	2.253404140472412
304899db87ea51fa65eb562ecc918cb2ebeb41ee	5ec3ee90bbc5b23e748d82cb1914d1c45d85bdd9	2.225104331970215
304899db87ea51fa65eb562ecc918cb2ebeb41ee	4a97f8d83c5cc523110beb11913ea5fb2a4271fe	2.214649200439453
304899db87ea51fa65eb562ecc918cb2ebeb41ee	399227dca4dda780db053a7e05138c0851d86110	2.169233083724976
304899db87ea51fa65eb562ecc918cb2ebeb41ee	cf7047567f6ee2a3adec2893a5a1987d35e93ce8	2.1253457069396973
304899db87ea51fa65eb562ecc918cb2ebeb41ee	3625936bab70324db3bf39bc5ae57cbbc0971f8d	2.066631555557251
304899db87ea51fa65eb562ecc918cb2ebeb41ee	6a93746a943ac42ebd8392a12ddc8c4f0c304b80	2.060686588287353
304899db87ea51fa65eb562ecc918cb2ebeb41ee	cd5b7d8fb4f8dc3872e773ec24460c9020da91ed	2.0437796115875244
b158953a73fc7f023e16b430150968b6f237c806	3f262d230ef401e4981cf73b4c6b8946a807995a	1.7562507390975952
b158953a73fc7f023e16b430150968b6f237c806	67755a1c251882f97fb4f49a269579e0bd557c81	1.414339542388916
b158953a73fc7f023e16b430150968b6f237c806	c62a100a6df34078c6ab706511966e0a6a57de74	1.3798861503601074
b158953a73fc7f023e16b430150968b6f237c806	8dcc86121219fdb9f813d43b35c632811da18b73	1.3786718845367432
b158953a73fc7f023e16b430150968b6f237c806	4d98b9b68becf6803f09cfc801e2eacdb4899b1c	1.3477122783660889
b158953a73fc7f023e16b430150968b6f237c806	7985e2f58c03ad5ab51a4daf8fbb276c6ab87116	1.3099830150604248
b158953a73fc7f023e16b430150968b6f237c806	95688c5444a109ec64e8921cdac469b4db5220ac	1.3070509433746338
b158953a73fc7f023e16b430150968b6f237c806	c5ffa88dbb91e5bdf9370378a89e5e827ae0e168	1.300902009010315
b158953a73fc7f023e16b430150968b6f237c806	65814b38bdd29d8289ba2328a9acfe7d882aa875	1.29079270362854
b158953a73fc7f023e16b430150968b6f237c806	232ce27451be9cc332969ce20659d28cfc0bbfec	1.269397258758545
b7d0e2a5229d4ec65182c783259a2eeb67a6a873	2f845a587699129bdd130e567a25785bcb5e97af	1.587111473083496
b7d0e2a5229d4ec65182c783259a2eeb67a6a873	76264abe68ea6de6c14944990c5e01da1725c860	1.4541168212890625
b7d0e2a5229d4ec65182c783259a2eeb67a6a873	0fe35d406842f054ce306ef67b20dc51a5a59dfd	1.427928805351257
b7d0e2a5229d4ec65182c783259a2eeb67a6a873	c24b8e1af485085548d5fbe6ecb7bc97591f825e	1.375785231590271
b7d0e2a5229d4ec65182c783259a2eeb67a6a873	5878d191bf99915c0880256c369e3765755d9ba7	1.296978235244751
b7d0e2a5229d4ec65182c783259a2eeb67a6a873	9d2d8b7b683e0ad66fb014956ddfdfcd292bdc55	1.2767469882965088
b7d0e2a5229d4ec65182c783259a2eeb67a6a873	05fcf7d0f007d5beef631737a96768641b6de517	1.2607630491256714
b7d0e2a5229d4ec65182c783259a2eeb67a6a873	32595517f623429cd323e6552a063b99ddb78766	1.2057018280029297
b7d0e2a5229d4ec65182c783259a2eeb67a6a873	5437a91d51f811eeb0caa67bde36262deafc8559	1.2039021253585815
b7d0e2a5229d4ec65182c783259a2eeb67a6a873	42212cf0a0bd477bf8a2abb668e0189e3d5d21d2	1.1992137432098389
40cdd0de8d05c496ca6658d3d7c45bea028de6be	7857cdf46d312af4bb8854bd127e5c0b4268f90c	2.0476629734039307
40cdd0de8d05c496ca6658d3d7c45bea028de6be	c219fa405ce0734a23b067376481f289789ef197	2.033488750457764
40cdd0de8d05c496ca6658d3d7c45bea028de6be	7a5abad8c18a7c16b72854f3a7070de11e1f8ea2	2.025092601776123
40cdd0de8d05c496ca6658d3d7c45bea028de6be	7ec6b06b0f421b80ca25994c7aa106106c7bfb50	2.016428709030152
40cdd0de8d05c496ca6658d3d7c45bea028de6be	ac2c955a61002b674bd104b91f89087271fc3b8e	2.016073942184448
40cdd0de8d05c496ca6658d3d7c45bea028de6be	bd0b7181eb8b2cb09a4e1318649d442986cf9697	1.9636503458023071
40cdd0de8d05c496ca6658d3d7c45bea028de6be	6ad2b6ceb9d4102ddbad7f853748add299c5d58b	1.9621919393539429
40cdd0de8d05c496ca6658d3d7c45bea028de6be	3d7348c63309ddb68b4e69782bc6bf516bb1ced7	1.95160710811615
40cdd0de8d05c496ca6658d3d7c45bea028de6be	bb9419100e83f9257b1ba1658b95554783a13141	1.941544532775879
40cdd0de8d05c496ca6658d3d7c45bea028de6be	a44e60b839e861bea2340532a47b0902a19bfcdb	1.928882837295532
79729be88ecf76e5e964ffb25e8bc3b396feacb4	ef9b81d77bde81c53ae4e303767e1b474f4cf437	1.51435649394989
79729be88ecf76e5e964ffb25e8bc3b396feacb4	189f893da626e37c8aaee3522519ccc87ba1a8a2	1.4582968950271606
79729be88ecf76e5e964ffb25e8bc3b396feacb4	aef6d6f148e761bdf8654f969fda14010b44ea34	1.398440718650818
79729be88ecf76e5e964ffb25e8bc3b396feacb4	2165d87bfb3658ac4d3cb8dd49cf0da72cad04c0	1.3848330974578855
79729be88ecf76e5e964ffb25e8bc3b396feacb4	1f2f020846b8402d8aca039561d9e8e0c6323404	1.3730149269104004
79729be88ecf76e5e964ffb25e8bc3b396feacb4	3055b4df91e92c32637f3a5146c13875c963dc72	1.3649297952651978
79729be88ecf76e5e964ffb25e8bc3b396feacb4	5a26c0ad196cd5e0a3fcd3d3a306c3ce545977ae	1.361270546913147
79729be88ecf76e5e964ffb25e8bc3b396feacb4	cbd1a6764624ae74d7e5c59ddb139d76c019ff19	1.3540070056915283
79729be88ecf76e5e964ffb25e8bc3b396feacb4	9d00c2e68ccb6017b8d68d57657c4267e607df7a	1.35182785987854
79729be88ecf76e5e964ffb25e8bc3b396feacb4	5a4b1c95e098da013cbcd4149f177174765f4881	1.3501100540161133
95bb0ee471480da79e41ae196bb4da02abe52a27	712ea226efcdca0105f1e40dcf4410e2057d72f9	1.930246353149414
95bb0ee471480da79e41ae196bb4da02abe52a27	bbbe5535472e8c8e019c72c1dade4eedeef333c3	1.8950324058532717
95bb0ee471480da79e41ae196bb4da02abe52a27	951fbb632fd02fd57fb1d864bbd183ebb93172e0	1.8848206996917725
95bb0ee471480da79e41ae196bb4da02abe52a27	8c21c42dc882f907d18974e97226d8efb6382378	1.874142408370972
95bb0ee471480da79e41ae196bb4da02abe52a27	5140bf8570f0bf308487a9e9db774010922fc67e	1.857478141784668
95bb0ee471480da79e41ae196bb4da02abe52a27	65e1032bc978e1966e075c9f3e8107b5c2a7bac9	1.846613883972168
95bb0ee471480da79e41ae196bb4da02abe52a27	644482c6c6ca800ccc4ef07505e34dbde8cefcb4	1.8388179540634155
95bb0ee471480da79e41ae196bb4da02abe52a27	b3dbbae9257f7a1b0b5c2138aee7701899c219a9	1.8366730213165283
95bb0ee471480da79e41ae196bb4da02abe52a27	f4702d55b49ba075edc34309423880d091eac2b3	1.8313171863555908
95bb0ee471480da79e41ae196bb4da02abe52a27	5120a5c613a6e2584324afe9e4556e4a5dcfbbf0	1.8278143405914309
b66bcce42123af3d5384aa32f9b3f1721f7ae5fd	a22bba702a12fc97790b51c45854106b292814d9	1.598007082939148
b66bcce42123af3d5384aa32f9b3f1721f7ae5fd	bb6508fb4457f09b5e146254220247bc4ea7b71c	1.5915119647979736
b66bcce42123af3d5384aa32f9b3f1721f7ae5fd	f5feb2a151c54ec9699924d401a66c193ddd3c8b	1.562746286392212
b66bcce42123af3d5384aa32f9b3f1721f7ae5fd	77c2bda34de0f18dce08e911c803c290cbfeab3c	1.561327576637268
b66bcce42123af3d5384aa32f9b3f1721f7ae5fd	167895bdf0f1ef88acc962e7a6f255ab92769485	1.5460312366485596
b66bcce42123af3d5384aa32f9b3f1721f7ae5fd	fd06af7e272e6a19b47b11eb814fff543605e7c3	1.5360900163650513
b66bcce42123af3d5384aa32f9b3f1721f7ae5fd	79bb020994c837be3c0ea5746a8e7a7c864c9170	1.5152256488800049
b66bcce42123af3d5384aa32f9b3f1721f7ae5fd	2165d87bfb3658ac4d3cb8dd49cf0da72cad04c0	1.502956748008728
b66bcce42123af3d5384aa32f9b3f1721f7ae5fd	61d234dd4f7b733e5acf2550badcf1e9333b6de1	1.5014909505844116
b66bcce42123af3d5384aa32f9b3f1721f7ae5fd	743675c5510ba05ddc24d4b5f9b07589dac6c006	1.497262954711914
9a7e12ef462e779263ee3f2dd415d2d21233f15d	2ce0d2f6efe74b9df4c0eccb434322d931c5dd47	1.7229111194610596
9a7e12ef462e779263ee3f2dd415d2d21233f15d	a6f726fa39b189e56b1bcb0756a03796c8aa16f8	1.6331727504730225
9a7e12ef462e779263ee3f2dd415d2d21233f15d	971de86408e28d5f16adc175f30fb122d2238e39	1.6268091201782229
9a7e12ef462e779263ee3f2dd415d2d21233f15d	ad8626a0d99a6cdea5179a01a2c06f84a72c1a75	1.5910009145736694
9a7e12ef462e779263ee3f2dd415d2d21233f15d	ae6c66167598955dba9ac64eb60b0b2b2d80c9f2	1.5862905979156494
9a7e12ef462e779263ee3f2dd415d2d21233f15d	51a083a0702159cddc803ce7126d52297e94821b	1.5266706943511963
9a7e12ef462e779263ee3f2dd415d2d21233f15d	29975c4969e5a473317ca3012c1c7e45350699b2	1.4904130697250366
9a7e12ef462e779263ee3f2dd415d2d21233f15d	19fce403e4e4e72bf45176420a7e54830a053e76	1.4737952947616575
9a7e12ef462e779263ee3f2dd415d2d21233f15d	5867e37a74299f3d589b3eea63fcf70f5f0ed22b	1.4729743003845217
9a7e12ef462e779263ee3f2dd415d2d21233f15d	28a7bad2788637fcf83809cd5725ea847fb74832	1.4368138313293457
d7e3a93de209c0c5501b4932b9a7d81c89ed64e8	235390de857af2399d97647b763b57b2756b9527	1.4066636562347412
d7e3a93de209c0c5501b4932b9a7d81c89ed64e8	0797a337a6f2a8e1ac2824a4e941a92c83c79040	1.389628291130066
d7e3a93de209c0c5501b4932b9a7d81c89ed64e8	cd94b967179d26ec485348df0f35bde3336e98b4	1.3720449209213257
d7e3a93de209c0c5501b4932b9a7d81c89ed64e8	b1e4d476c857333b9a0afdb1428eda27f6d26940	1.3647773265838623
d7e3a93de209c0c5501b4932b9a7d81c89ed64e8	4b832b1304366c1ffc4b067fe1c95ba914dd9002	1.3470696210861206
d7e3a93de209c0c5501b4932b9a7d81c89ed64e8	aa75853bfbc3801c2e936a69651f0b22cff7229b	1.343192219734192
d7e3a93de209c0c5501b4932b9a7d81c89ed64e8	4f72ddff72210319272122bb588007cb12caf8f9	1.3200539350509644
d7e3a93de209c0c5501b4932b9a7d81c89ed64e8	6f48d05e532254e2b7d429db97cb5ad6841b0812	1.3170723915100098
d7e3a93de209c0c5501b4932b9a7d81c89ed64e8	895700be5f5d63c7e7b7370843ca480909f95225	1.3117218017578125
d7e3a93de209c0c5501b4932b9a7d81c89ed64e8	e8af4369e0533210860587b7add0c566b74b963a	1.3077750205993652
3d9180d48a6c19eb59f5ba6cef378720758b2ed3	c669d5efe471abcb3a28223845a318a562070cc8	2.4148383140563965
3d9180d48a6c19eb59f5ba6cef378720758b2ed3	bd828a873f8f9984b23aad19ec330ca83266a143	2.0966620445251465
3d9180d48a6c19eb59f5ba6cef378720758b2ed3	355887cec4b19668adb7db0a72c93f4ad3e1ea09	2.059750556945801
3d9180d48a6c19eb59f5ba6cef378720758b2ed3	1614efe6116dd83073ed4c99b0da61e9a111a69f	2.0578389167785645
3d9180d48a6c19eb59f5ba6cef378720758b2ed3	b3ddd3d1c874050bf2c7ab770540a7f3e503a2cb	2.0416996479034424
3d9180d48a6c19eb59f5ba6cef378720758b2ed3	bc297e9b443b2c679f9f4b23934e83f12fdb1c2e	2.028144359588623
3d9180d48a6c19eb59f5ba6cef378720758b2ed3	1baff891e92bd7693bcb358296f2220137b352bb	2.026501178741455
3d9180d48a6c19eb59f5ba6cef378720758b2ed3	278ab6b7b30db9d013c49bf396404f37dc65c07b	2.000583410263061
3d9180d48a6c19eb59f5ba6cef378720758b2ed3	c9dc151f40cee3b1841dde868895df2183c76912	1.9753296375274656
3d9180d48a6c19eb59f5ba6cef378720758b2ed3	69bd231dfa8f4fb88090ce5b0f1d3701b765bf72	1.9315491914749143
43dd67cf1630eeac917c0dcd8e80425a6b93d38d	644482c6c6ca800ccc4ef07505e34dbde8cefcb4	1.7930140495300293
43dd67cf1630eeac917c0dcd8e80425a6b93d38d	b3dbbae9257f7a1b0b5c2138aee7701899c219a9	1.757696270942688
43dd67cf1630eeac917c0dcd8e80425a6b93d38d	241a013f74c0493b5f54cb3a7b8a0e5e0f12a78f	1.7117756605148315
43dd67cf1630eeac917c0dcd8e80425a6b93d38d	560d4588f6719d0acf4a43a66010a10106bed26a	1.683116436004639
43dd67cf1630eeac917c0dcd8e80425a6b93d38d	f645c139c1023cbb5dc570e8b8a5ad414b1ac982	1.6727948188781738
43dd67cf1630eeac917c0dcd8e80425a6b93d38d	40f94c7e8dbce2c0fd0edc29d4ba94f52266acdd	1.6604855060577393
43dd67cf1630eeac917c0dcd8e80425a6b93d38d	bfa2b3203618c7639fa2b568842515deada35695	1.6336336135864258
43dd67cf1630eeac917c0dcd8e80425a6b93d38d	29f5ecc324e934d21fe8ddde814fca36cfe8eaea	1.6294806003570557
43dd67cf1630eeac917c0dcd8e80425a6b93d38d	8c21c42dc882f907d18974e97226d8efb6382378	1.6271778345108032
43dd67cf1630eeac917c0dcd8e80425a6b93d38d	03aca587f27fda3cbdad708aa69c07fc71b691d7	1.624125838279724
dff7ede8b9bcb70a33000335e3abd31b77c567bb	72417ba72a69b9d2e84fb4228a6398c79a16e11a	1.5697869062423706
dff7ede8b9bcb70a33000335e3abd31b77c567bb	64588554a7fd9b3408aa78c3a111b0fae432a651	1.54105806350708
dff7ede8b9bcb70a33000335e3abd31b77c567bb	af15e4f7fadc7e44fdac502ae122f3eef22f5807	1.5192835330963137
dff7ede8b9bcb70a33000335e3abd31b77c567bb	3d040abaa8c0b88098916a9b1a01294c6713a424	1.5072194337844849
dff7ede8b9bcb70a33000335e3abd31b77c567bb	a4741625b0c6769995beec18e39e9d25da312dc7	1.5030215978622437
dff7ede8b9bcb70a33000335e3abd31b77c567bb	3b01c11e8f1eaf57d484b1561b76b1d5b03129e2	1.500314235687256
dff7ede8b9bcb70a33000335e3abd31b77c567bb	ac2c7dc70619f3ac0cbe7476f905cf918495afe8	1.4844062328338623
dff7ede8b9bcb70a33000335e3abd31b77c567bb	2556e8a166b24c9dc463fde2ffa43878de6dc018	1.4799063205718994
dff7ede8b9bcb70a33000335e3abd31b77c567bb	e467278d981ba30ab3b24235d09205e2aaba3d6f	1.475510597229004
dff7ede8b9bcb70a33000335e3abd31b77c567bb	b87b11481f7c798ea33f611e130984061b5f98a1	1.4567279815673828
7989208727ceb32b10a51682a116ce762691daa6	6ebdb88c39787f4242e92504b6d2c60b8421193a	1.5741101503372192
7989208727ceb32b10a51682a116ce762691daa6	a5e2cc82193a9c092892a83f79d5835fa12dfeea	1.431873083114624
7989208727ceb32b10a51682a116ce762691daa6	d761aaacd25b762a1cd82413a34eee0992b86130	1.4119606018066406
7989208727ceb32b10a51682a116ce762691daa6	b6e87d90297634bea29f49f8ffc1a72fc00c27a1	1.4037785530090332
7989208727ceb32b10a51682a116ce762691daa6	563f2b60598d4b07124f970ac86eb4d5932509b6	1.399539589881897
7989208727ceb32b10a51682a116ce762691daa6	c08549d77b291b720e66392378ff9917d5a1a498	1.394081711769104
7989208727ceb32b10a51682a116ce762691daa6	26891f40f3d7850c6aa340c2dc02c9e2c2b8de1d	1.3892066478729248
7989208727ceb32b10a51682a116ce762691daa6	1eff385c88fd1fdd1c03fd3fb573de2530b73f99	1.38710355758667
7989208727ceb32b10a51682a116ce762691daa6	20be06193d0d47a7af6943f06a0e9f4eb5c69ebb	1.3851840496063232
7989208727ceb32b10a51682a116ce762691daa6	5d3707c2c4c98882d2b474a4a7fe3687f84d4ba6	1.3832334280014038
d4d19261e9047b54e14d38cd99cd0f27dc9d0926	7b1996d4446f7682fa0ae36527f3cbc5e46dad58	2.070375442504883
d4d19261e9047b54e14d38cd99cd0f27dc9d0926	f1d71d041616f9ea2952258da3db522d53163f60	1.962724685668945
d4d19261e9047b54e14d38cd99cd0f27dc9d0926	41289566ac0176dced2312f813328ad4c0552618	1.954800128936768
d4d19261e9047b54e14d38cd99cd0f27dc9d0926	9bbbb118fffaf65bad481076633379a2c6cf999a	1.9385395050048828
d4d19261e9047b54e14d38cd99cd0f27dc9d0926	1b5f18498b42e464b81e3d81b8d32237aea4a234	1.8929691314697263
d4d19261e9047b54e14d38cd99cd0f27dc9d0926	f40823290aaba15e8073792d302c0ff8c1d37486	1.868828296661377
d4d19261e9047b54e14d38cd99cd0f27dc9d0926	5d6148bbf73c7734f40f61125db2e164288214cd	1.814505100250244
d4d19261e9047b54e14d38cd99cd0f27dc9d0926	922a324c99e97c511477637f3cfe16c7f06ce382	1.795520544052124
d4d19261e9047b54e14d38cd99cd0f27dc9d0926	74b69c0db79ecfaac849b38a1d2cffbcc3121896	1.7608027458190918
d4d19261e9047b54e14d38cd99cd0f27dc9d0926	e2d76fc1efbbf94a624dde792ca911e6687a4fd4	1.7555729150772097
9bdc4c5f6ba780f30ae081be7af34262af9a60a5	84ab4a5f4f1265e3ef61db90e17a6b71fff597a5	1.695793628692627
9bdc4c5f6ba780f30ae081be7af34262af9a60a5	8cafd353218e8dbd3e2d485bc0079f7d1b3dc39a	1.6362550258636477
9bdc4c5f6ba780f30ae081be7af34262af9a60a5	fb166f1e77428a492ea869a8b79df275dd9669c2	1.6009739637374878
9bdc4c5f6ba780f30ae081be7af34262af9a60a5	d8a82d1887d66515ca974edd6a9e35fb52767a27	1.5903120040893557
9bdc4c5f6ba780f30ae081be7af34262af9a60a5	696385d0b5b3ad778cc85f189bd2ade5a109736d	1.5801470279693604
9bdc4c5f6ba780f30ae081be7af34262af9a60a5	4f31ab4f8a8c0fe29f39bafdc93cda5e485d0855	1.5482889413833618
9bdc4c5f6ba780f30ae081be7af34262af9a60a5	082bcec29d021ef844736565277cfc3a0c9c3c43	1.530534029006958
9bdc4c5f6ba780f30ae081be7af34262af9a60a5	1a8c33f9e51ba01e1cdade7029f96892c7c7087b	1.5226943492889404
9bdc4c5f6ba780f30ae081be7af34262af9a60a5	7d63336eefd130a70f7a333ddd23e454ae844089	1.5089219808578491
9bdc4c5f6ba780f30ae081be7af34262af9a60a5	9931b8ea6594b97c7dfca93936a2d95a38167046	1.5012030601501465
