528	5476778	2.1746792793273926
528	20864487	1.879602313041687
528	27555165	1.8539228439331052
528	40323454	1.793187975883484
528	20996244	1.789459466934204
528	20960682	1.7816834449768066
528	33904789	1.7656142711639404
528	40584205	1.7467098236083984
528	24512064	1.7437772750854492
528	23326722	1.7407466173171997
770	15476777	2.380925178527832
770	2492146	1.8583954572677608
770	20888849	1.7810602188110352
770	13256155	1.7747546434402466
770	38886345	1.7551053762435913
770	195680777	1.7146437168121338
770	14626540	1.705613136291504
770	1389264	1.7044771909713743
770	864491	1.693331956863403
770	10958594	1.6920243501663208
1344	9559146	2.245361566543579
1344	6896063	2.216451644897461
1344	15521377	2.059927463531494
1344	41710132	2.0107741355896
1344	21307488	1.991269588470459
1344	31293581	1.9840837717056277
1344	43880096	1.9701043367385864
1344	7506409	1.9687689542770384
1344	9483851	1.9649215936660769
1344	35543846	1.9184314012527464
587	471735	1.9725526571273804
587	7142113	1.9710129499435425
587	16999023	1.939394474029541
587	40558887	1.9279751777648928
587	18987782	1.900506854057312
587	9675944	1.897277593612671
587	8133180	1.855531096458435
587	12152977	1.8498966693878172
587	32776084	1.840043306350708
587	41710132	1.8344426155090328
300	16120395	1.861948847770691
300	3829232	1.6344579458236694
300	39929509	1.6014432907104492
300	18042803	1.5981818437576294
300	3849194	1.584054946899414
300	935538	1.578346610069275
300	3553087	1.5744909048080444
300	6788835	1.5738403797149658
300	7643848	1.5667805671691897
300	20381484	1.5620315074920654
362	38587347	1.8367743492126465
362	15488881	1.8039900064468384
362	5003144	1.7654536962509155
362	9705208	1.726405143737793
362	188911	1.6726012229919434
362	24707550	1.6684010028839111
362	13469921	1.6544723510742188
362	8629328	1.6527334451675415
362	35256900	1.652617573738098
362	40365566	1.6401251554489136
1185	16737210	1.988663911819458
1185	21859699	1.8223280906677248
1185	41774099	1.7020275592803955
1185	21203899	1.6195578575134275
1185	7034001	1.562150955200195
1185	20746604	1.4233903884887695
1185	21616324	1.4182963371276855
1185	13625993	1.3634672164916992
1185	10582939	1.3103017807006836
1185	9056874	1.2428185939788818
274	11614737	2.559359550476074
274	5114940	2.1474051475524902
274	34369306	2.0433833599090576
274	8570690	1.8175972700119016
274	24019260	1.800389528274536
274	5551138	1.7023584842681885
274	308862	1.6539019346237185
274	7552215	1.5833544731140137
274	37619697	1.540222406387329
274	25319221	1.5093799829483032
142	10582939	2.132728815078736
142	24101431	1.9316368103027344
142	40164383	1.8657710552215576
142	3863543	1.8373223543167116
142	4380004	1.7835180759429932
142	5597586	1.7753559350967407
142	54561384	1.775298237800598
142	4416964	1.7580254077911377
142	301866	1.756251335144043
142	6544701	1.7527494430541992
971	27446873	2.1689319610595703
971	9764256	2.1261587142944336
971	829646	2.114329099655152
971	46695481	2.104271173477173
971	27873158	2.08882737159729
971	28617573	2.088102340698242
971	6561200	2.0718917846679688
971	23136735	2.0112557411193848
971	19140422	1.996484875679016
971	16980892	1.974538803100586
1187	52873726	2.018017053604126
1187	12737132	1.9308273792266848
1187	11535539	1.755336046218872
1187	51817902	1.6900174617767334
1187	11011905	1.6828681230545044
1187	1354567	1.6779958009719849
1187	4465762	1.6757773160934448
1187	11420613	1.675206422805786
1187	26596106	1.6661295890808103
1187	1065627	1.6511945724487305
759	1805641	2.28223729133606
759	10617916	2.261002540588379
759	12409683	2.2560343742370605
759	3929361	2.18709659576416
759	13948920	2.032902956008911
759	20761364	1.855433464050293
759	6503185	1.827513694763184
759	18074797	1.804267764091492
759	5289038	1.784113526344299
759	18153456	1.7758442163467407
525	13639330	2.195454359054565
525	8548635	1.8023937940597532
525	11915280	1.7672996520996094
525	502591	1.7629927396774292
525	2613813	1.75642991065979
525	2754534	1.7528562545776367
525	4387494	1.7457207441329956
525	15803282	1.733656883239746
525	12156187	1.7304836511611938
525	5860364	1.72603440284729
478	28247027	1.8595227003097532
478	18237384	1.8382381200790403
478	14767844	1.836589217185974
478	33535222	1.8073468208312988
478	17463549	1.7711589336395264
478	22874817	1.7668358087539673
478	15128866	1.766140699386597
478	22198971	1.756934642791748
478	38587347	1.7511802911758425
478	32101982	1.7504026889801023
521	29526125	1.9251155853271484
521	34873974	1.8263531923294067
521	3056682	1.7531280517578125
521	25028913	1.6902862787246704
521	27910499	1.6876192092895508
521	40156901	1.616861343383789
521	1686881	1.606106519699097
521	5558754	1.6040760278701782
521	44384384	1.5818675756454468
521	9846940	1.5573636293411257
1298	11718220	2.556875705718994
1298	79231308	1.6271660327911377
1298	34338075	1.6265933513641355
1298	7873737	1.490700602531433
1298	52175065	1.487650752067566
1298	17897801	1.4873733520507812
1298	24998764	1.4846930503845217
1298	14973286	1.4837501049041748
1298	1387104	1.4610168933868408
1298	29981186	1.4575198888778689
814	33387953	2.126512050628662
814	21307488	1.753967046737671
814	37549932	1.7306245565414429
814	33370	1.7288336753845217
814	4396105	1.7216475009918213
814	25036988	1.7116798162460327
814	8133180	1.7029125690460205
814	21164071	1.6972103118896484
814	26064942	1.6881084442138672
814	213017	1.6872135400772097
1266	37480103	2.006192445755005
1266	13831842	1.985104322433472
1266	17450673	1.9667292833328247
1266	22007333	1.927179336547852
1266	23557241	1.9037199020385744
1266	16098747	1.8572099208831787
1266	27123743	1.8557095527648928
1266	13765757	1.827236890792847
1266	25973484	1.825271487236023
1266	15512462	1.7989317178726196
143	10582939	2.09730863571167
143	24101431	1.9309673309326167
143	40164383	1.852726936340332
143	3863543	1.8213258981704712
143	4380004	1.7919366359710691
143	54561384	1.7747008800506592
143	4416964	1.759340763092041
143	5597586	1.755422592163086
143	13923140	1.739500641822815
143	19510470	1.738031029701233
1274	7145763	2.0750374794006348
1274	4406819	2.0551598072052
1274	7481159	2.0456466674804688
1274	22632303	2.034433364868164
1274	12428814	1.9655816555023196
1274	27731651	1.956031322479248
1274	23440856	1.902759432792664
1274	6836086	1.7774226665496826
1274	19099739	1.694042682647705
1274	26625002	1.673241138458252
133	86694016	2.082342624664306
133	16280642	2.062626600265503
133	6969753	1.9830410480499268
133	12640810	1.9770877361297607
133	36345185	1.842987298965454
133	4399311	1.7463527917861938
133	17934082	1.74603271484375
133	35660758	1.7435739040374756
133	8997410	1.6893861293792725
133	6492658	1.665609359741211
1020	10559501	1.9995237588882449
1020	30933307	1.8838350772857664
1020	9433958	1.8771097660064695
1020	5137019	1.8411178588867188
1020	3493623	1.8247785568237305
1020	26133404	1.8218152523040767
1020	5372773	1.8185851573944087
1020	2947124	1.8120217323303225
1020	15425958	1.7975112199783323
1020	12885341	1.7951109409332275
1359	11614737	2.3134822845458984
1359	5114940	1.993666172027588
1359	34369306	1.8193954229354856
1359	24019260	1.7733025550842283
1359	8570690	1.65711510181427
1359	5551138	1.6158572435379028
1359	36642096	1.566224455833435
1359	20611846	1.472062110900879
1359	3654468	1.4626044034957886
1359	25319221	1.4551373720169067
551	8903143	1.89039146900177
551	25479072	1.8245832920074463
551	9283422	1.7805030345916748
551	2825380	1.7467191219329834
551	5914739	1.7289752960205078
551	34905328	1.7196476459503174
551	2714623	1.7116883993148804
551	33499189	1.7101125717163086
551	6961811	1.6941378116607666
551	994800	1.6623549461364746
1021	10559501	1.9907324314117432
1021	3493623	1.890770673751831
1021	9433958	1.877856969833374
1021	5137019	1.870035409927368
1021	30933307	1.85295844078064
1021	2947124	1.8262144327163696
1021	5372773	1.8062254190444944
1021	15425958	1.8061764240264893
1021	26133404	1.8012243509292605
1021	28644298	1.7943394184112549
904	7370282	2.365475416183472
904	8997410	1.7542176246643066
904	5700349	1.6895525455474854
904	17017465	1.681175947189331
904	12866641	1.679438591003418
904	36111909	1.6526806354522705
904	3825472	1.641209840774536
904	23076291	1.6333696842193604
904	15491404	1.6302926540374756
904	1241113	1.6298850774765017
1104	3898784	2.0196657180786133
1104	19308127	1.6691617965698242
1104	4910408	1.663171887397766
1104	6158879	1.6365175247192385
1104	20554003	1.6225683689117432
1104	44827480	1.618450164794922
1104	34338075	1.6147352457046509
1104	44384384	1.6105022430419922
1104	32328114	1.6009852886199951
1104	14973286	1.5909209251403809
1259	24341590	1.913323283195496
1259	13069283	1.912871599197388
1259	20454006	1.668334722518921
1259	1389264	1.5952610969543457
1259	21033230	1.5782043933868408
1259	12438901	1.570604920387268
1259	31311495	1.5682324171066284
1259	20886584	1.5632280111312866
1259	22482820	1.5580227375030518
1259	195680777	1.5572657585144043
577	8133050	1.7282514572143557
577	7386360	1.6449884176254272
577	40900567	1.6175847053527832
577	21392703	1.6065593957901
577	24705390	1.5859090089797974
577	26474812	1.5355875492095947
577	22159299	1.5320611000061035
577	39550665	1.5286530256271362
577	39668245	1.5219154357910156
577	7433668	1.5019958019256592
1395	15335331	1.7905235290527344
1395	18218379	1.7826144695281982
1395	17717391	1.7536412477493286
1395	22059387	1.672114610671997
1395	4407455	1.6308691501617432
1395	14082855	1.6267471313476562
1395	36399107	1.61118483543396
1395	22963769	1.5941572189331057
1395	13923069	1.579389214515686
1395	12513042	1.5787395238876345
146	10582939	2.2382683753967285
146	40164383	1.9592764377593996
146	24101431	1.915907382965088
146	19510470	1.8338369131088257
146	6544701	1.8155322074890137
146	4380004	1.790552854537964
146	5597586	1.7789167165756226
146	54561384	1.774517059326172
146	4416964	1.7711083889007568
146	24825841	1.7659159898757937
598	27446873	1.8698718547821045
598	36355784	1.7887444496154783
598	46695481	1.7500864267349243
598	6561200	1.731839656829834
598	9764256	1.729372501373291
598	27873158	1.7275384664535522
598	25742130	1.6994311809539795
598	76415938	1.659881830215454
598	829646	1.655309796333313
598	23136735	1.6388976573944092
3	10944947	1.7006678581237793
3	19058822	1.614106297492981
3	4632921	1.5918476581573486
3	4378885	1.5741026401519775
3	1836154	1.5439233779907229
3	13914198	1.541618824005127
3	2739854	1.5405396223068235
3	38076716	1.5361578464508057
3	13916484	1.532521367073059
3	13519661	1.5094088315963743
1029	13923140	2.1070542335510254
1029	11899391	2.0234155654907227
1029	2388819	1.911119818687439
1029	24069089	1.8242194652557373
1029	4561402	1.8126201629638672
1029	2462673	1.7952033281326294
1029	266641	1.781957983970642
1029	8325952	1.7795732021331787
1029	22647695	1.774245023727417
1029	36642096	1.7670729160308838
1207	18909530	1.8724809885025024
1207	735130	1.6387110948562622
1207	3152612	1.6288304328918457
1207	32101982	1.6214816570281982
1207	38380061	1.6184189319610596
1207	7114092	1.615856051445007
1207	32170702	1.6145217418670654
1207	25858295	1.6134696006774902
1207	25148216	1.6128785610198977
1207	5372773	1.6106913089752195
514	16256507	1.964733600616455
514	9555784	1.9494564533233645
514	3034412	1.8494813442230225
514	44572913	1.8380022048950195
514	25259746	1.809957504272461
514	13312471	1.7919931411743164
514	4462079	1.7650468349456787
514	12810152	1.6094756126403809
514	36960449	1.6028311252593994
514	26409363	1.5990798473358154
437	5765455	1.954722881317139
437	2359152	1.924458742141724
437	5836	1.921513557434082
437	39851630	1.8915598392486568
437	3391547	1.874570727348328
437	5782614	1.7755320072174072
437	8385277	1.7504205703735352
437	24466904	1.7430667877197266
437	3863543	1.698851227760315
437	10795340	1.6632122993469238
1194	11419230	1.8494787216186523
1194	22561064	1.6281569004058838
1194	24706198	1.6204465627670288
1194	6788835	1.6068260669708252
1194	5473074	1.6010620594024658
1194	38477436	1.5453304052352903
1194	33499189	1.5090423822402954
1194	15548965	1.5074092149734497
1194	12800122	1.494179606437683
1194	18758057	1.4914172887802124
1271	13768432	2.1970086097717285
1271	27550580	1.761554479598999
1271	23124332	1.7119419574737549
1271	38040186	1.7062503099441528
1271	5597586	1.6958087682724
1271	32671519	1.6864711046218872
1271	2496002	1.6784472465515137
1271	46266579	1.6661977767944336
1271	4459491	1.6360487937927246
1271	1472815	1.6323384046554563
1200	3610282	1.5559875965118408
1200	3441524	1.5199613571166992
1200	2053540	1.4872184991836548
1200	7878807	1.4841225147247314
1200	16270577	1.480677604675293
1200	15426878	1.4779658317565918
1200	7549811	1.4701592922210691
1200	23938319	1.468448042869568
1200	26011884	1.4681730270385742
1200	9889151	1.4620068073272705
180	16966326	2.213120937347412
180	13380011	1.9270787239074707
180	9217800	1.925658583641052
180	17231273	1.827170252799988
180	18414462	1.82071053981781
180	4889228	1.7688446044921875
180	1800734	1.7579717636108398
180	43048059	1.7465362548828125
180	44408494	1.739932656288147
180	207972	1.7388780117034912
502	10854174	1.5015432834625244
502	17626822	1.497403860092163
502	15968271	1.4463940858840942
502	13906581	1.4405001401901243
502	21323587	1.4285249710083008
502	26611094	1.4259852170944214
502	21377587	1.411500096321106
502	70516463	1.39505934715271
502	40905302	1.3885488510131836
502	10893238	1.3767708539962769
527	1617327	2.014317274093628
527	24713020	1.9169785976409912
527	3863543	1.9054174423217771
527	13509809	1.833022117614746
527	3758260	1.8099935054779053
527	54561384	1.7938296794891355
527	12130067	1.7899084091186523
527	4410181	1.7531073093414309
527	11255504	1.7520751953125
527	4380004	1.7462890148162842
589	10984005	2.047250747680664
589	1831916	1.5477248430252075
589	2475059	1.501882791519165
589	41264017	1.4941306114196775
589	12206390	1.4707839488983154
589	24625323	1.4707541465759275
589	1068106	1.452772617340088
589	13933299	1.4470974206924438
589	5691302	1.4445469379425049
589	25451374	1.4260039329528809
690	13580614	1.6128004789352417
690	6250701	1.6106539964675903
690	356218	1.5604088306427002
690	18750453	1.5514549016952517
690	2344892	1.538684606552124
690	26112696	1.524172306060791
690	19658917	1.522148370742798
690	68317730	1.513197422027588
690	3912660	1.5056917667388916
690	20977638	1.5035910606384275
1199	7454794	1.637186884880066
1199	5698494	1.5013867616653442
1199	21557614	1.5012961626052856
1199	1287809	1.458585500717163
1199	7613033	1.4395729303359983
1199	35534019	1.4232473373413086
1199	22420524	1.4209376573562622
1199	34268160	1.4137052297592163
1199	15648443	1.3961448669433594
1199	24396137	1.3948240280151367
57	4709641	2.2440783977508545
57	3085264	1.920429825782776
57	11659421	1.8800389766693115
57	22116439	1.8640782833099363
57	23076291	1.8570127487182615
57	22185730	1.8554112911224363
57	4345605	1.8111248016357424
57	14434123	1.8058667182922363
57	35520219	1.7990355491638184
57	17123316	1.7924678325653076
295	22791348	1.9076712131500244
295	11020556	1.887700080871582
295	20310709	1.8554141521453855
295	13231899	1.8151984214782717
295	29423324	1.7906873226165771
295	11415809	1.788088083267212
295	21719289	1.769643783569336
295	24044977	1.769641399383545
295	46926352	1.7635294198989868
295	7370282	1.757196307182312
552	1471041	2.259509801864624
552	11415809	1.906266689300537
552	27772649	1.8799995183944704
552	13578199	1.822500705718994
552	17695748	1.7934174537658691
552	21060008	1.7915868759155271
552	10675756	1.7617257833480835
552	26735018	1.6950410604476929
552	13573143	1.642446756362915
552	14340571	1.6149910688400269
785	54440	1.90869140625
785	21644993	1.5854703187942505
785	21932050	1.5648843050003052
785	12471115	1.5532844066619873
785	991139	1.548445224761963
785	20399078	1.5293879508972168
785	46602807	1.517045259475708
785	39285547	1.5167698860168457
785	23586085	1.498429775238037
785	6173523	1.496220350265503
56	4709641	2.252331256866455
56	3085264	1.8939409255981443
56	11659421	1.8648853302001955
56	4345605	1.8294458389282229
56	35520219	1.8273109197616575
56	22185730	1.8237885236740112
56	23076291	1.82165801525116
56	14434123	1.8050949573516848
56	39545358	1.7901835441589355
56	17123316	1.7862226963043213
314	2638387	1.9853023290634155
314	22703082	1.8605613708496092
314	544971	1.804203987121582
314	15319019	1.7075445652008057
314	29107180	1.6731805801391602
314	25014337	1.662627935409546
314	24896957	1.6384265422821045
314	6426919	1.632148027420044
314	25813706	1.5982588529586792
314	13106686	1.596877932548523
386	16495649	1.8981809616088867
386	42404093	1.479758620262146
386	21260231	1.3980122804641724
386	9622258	1.374874234199524
386	38799797	1.3630443811416626
386	12258338	1.3321716785430908
386	39300105	1.3277089595794678
386	35186640	1.317138910293579
386	44827480	1.3044248819351196
386	27550580	1.299729585647583
830	52873726	1.7095590829849243
830	1964163	1.7031424045562744
830	83308790	1.629256248474121
830	33063763	1.6244146823883057
830	21250322	1.624328851699829
830	8417211	1.6212475299835205
830	11535539	1.6150046586990356
830	15473205	1.6062630414962769
830	20054396	1.6018962860107422
830	8133180	1.6008188724517822
800	22264117	1.8407615423202517
800	4434951	1.8077175617218015
800	9291668	1.7593622207641602
800	6040392	1.7160156965255735
800	22543403	1.7033836841583252
800	1848452	1.6869077682495115
800	4679264	1.6609736680984497
800	26230669	1.6290534734725952
800	22551259	1.6265298128128052
800	3230557	1.6186790466308594
1086	39281140	2.1275267601013184
1086	22057077	1.4693132638931274
1086	3981244	1.4303910732269287
1086	13883546	1.386874794960022
1086	8520041	1.378136396408081
1086	28845338	1.3556876182556152
1086	4036038	1.3468122482299805
1086	5260382	1.334033489227295
1086	24346598	1.3279569149017334
1086	5691302	1.3241863250732422
1130	17997584	2.2151381969451904
1130	14644164	1.9368555545806885
1130	13231899	1.9281200170516968
1130	2388819	1.9211281538009644
1130	1550937	1.9067976474761963
1130	12100963	1.8808908462524412
1130	24069089	1.864509344100952
1130	36216395	1.8627796173095703
1130	18348376	1.849889874458313
1130	6913227	1.849232077598572
507	7433668	2.3931281566619877
507	30774694	2.030580520629883
507	11837657	1.944951057434082
507	7386360	1.9252629280090328
507	23801039	1.908830404281616
507	22908536	1.894140124320984
507	29023309	1.885292887687683
507	10648422	1.859608173370361
507	21498497	1.8526160717010496
507	35079452	1.8483498096466064
775	43014661	2.19062876701355
775	11569583	2.108041763305664
775	31293581	1.9462127685546875
775	12552297	1.9289867877960205
775	5572127	1.868308663368225
775	27635177	1.845658779144287
775	5765455	1.8379456996917725
775	39758684	1.8275394439697263
775	3173489	1.7830705642700195
775	4993011	1.7783451080322266
649	12789595	1.2500245571136477
649	1338283	1.0643229484558103
649	7837879	1.0594152212142944
649	50670403	1.0418349504470823
649	126549848	1.0416100025177002
649	25493293	1.0371496677398682
649	427865	1.0336538553237915
649	24159217	1.0005550384521484
649	23851261	1.000204086303711
649	13906581	1.0001026391983032
42	18174210	2.09717321395874
42	40913091	1.8187706470489504
42	27889071	1.705195665359497
42	1145473	1.6619057655334473
42	24042919	1.6404500007629397
42	9254550	1.6338047981262207
42	1522647	1.6149791479110718
42	42441846	1.590734362602234
42	39851630	1.5682213306427002
42	5572127	1.5665950775146484
1332	195683603	1.8810206651687624
1332	22889972	1.8730194568634035
1332	16488405	1.8722286224365237
1332	16066726	1.865799188613892
1332	3981033	1.8409234285354612
1332	38023457	1.8370299339294436
1332	12705056	1.8225096464157104
1332	36386637	1.8223097324371336
1332	15381976	1.803031086921692
1332	25089501	1.789997100830078
847	16787954	1.7982473373413086
847	4424888	1.6474649906158447
847	11837657	1.5606213808059692
847	341324	1.5507118701934814
847	16066726	1.484147310256958
847	33835579	1.4702677726745603
847	34615397	1.469867467880249
847	22908536	1.4696307182312012
847	35079452	1.4687752723693848
847	11254040	1.4497284889221191
343	5884524	1.7574423551559448
343	19308127	1.691836953163147
343	29253460	1.6499191522598269
343	7873737	1.6344146728515625
343	16760369	1.598879098892212
343	27054878	1.5797511339187622
343	23783727	1.556653618812561
343	25028913	1.5512653589248655
343	38630735	1.533177375793457
343	44827480	1.5253732204437256
784	2356950	1.7090035676956177
784	16999023	1.695940613746643
784	4653837	1.6811223030090332
784	16364639	1.6746575832366943
784	14581009	1.6696833372116089
784	22843616	1.6587249040603638
784	23934390	1.6516960859298706
784	33370	1.6507813930511477
784	9988425	1.6447536945343018
784	33677323	1.6362762451171875
723	5531479	2.336598873138428
723	20608982	1.7843198776245115
723	1800734	1.7297849655151367
723	1871230	1.7004613876342771
723	9225850	1.6186134815216064
723	36345578	1.610572338104248
723	16550075	1.603235125541687
723	28015516	1.6011996269226074
723	1049501	1.5927321910858154
723	28149602	1.580379605293274
113	6157837	2.0744292736053467
113	1759213	1.7536110877990725
113	14584755	1.7422409057617188
113	25816994	1.623936891555786
113	27428509	1.620078444480896
113	31890716	1.6174209117889404
113	9288638	1.6063988208770752
113	4678846	1.5869213342666626
113	140098548	1.5763719081878662
113	11459139	1.556240200996399
1320	16284655	1.969977140426636
1320	14192687	1.851714372634888
1320	36637129	1.8164982795715328
1320	2437807	1.767420530319214
1320	12742164	1.7627620697021484
1320	9988425	1.7262895107269287
1320	30468386	1.6845641136169434
1320	16375102	1.6818066835403442
1320	18600579	1.6752684116363523
1320	5395426	1.674962878227234
619	3559136	1.603519082069397
619	9648896	1.488808512687683
619	6374918	1.4566694498062134
619	19510470	1.4540854692459106
619	13952658	1.4498076438903809
619	7986878	1.4443193674087524
619	18682109	1.436145305633545
619	20888849	1.4329606294631958
619	20127522	1.4237723350524902
619	35993767	1.4212439060211182
839	6219790	1.710216999053955
839	1469751	1.702554702758789
839	17327939	1.5328783988952637
839	8182950	1.5228043794631958
839	13923069	1.5015835762023926
839	25328476	1.429412603378296
839	18758057	1.418169021606445
839	1196631	1.407988429069519
839	169264	1.4040076732635498
839	20646904	1.3733844757080078
1339	15482274	1.7508389949798584
1339	7751726	1.2685363292694092
1339	18104691	1.2383230924606323
1339	42601237	1.1925125122070312
1339	18111172	1.1905829906463623
1339	7583104	1.1858400106430054
1339	79231308	1.1833657026290894
1339	20422174	1.183019757270813
1339	9622258	1.1746597290039062
1339	23633726	1.1673641204833984
275	4961038	2.098848819732666
275	4920376	1.99312424659729
275	24190159	1.901346206665039
275	14819804	1.87834894657135
275	29321530	1.8294968605041504
275	1285713	1.7542707920074463
275	28651643	1.7393124103546145
275	15322518	1.7274119853973389
275	23420807	1.712188720703125
275	25895285	1.7090851068496704
721	1834762	2.036906719207764
721	12670680	1.8432948589324951
721	28149602	1.679837942123413
721	5476778	1.622303128242493
721	1049501	1.5978596210479736
721	28015516	1.59226393699646
721	854417	1.5869486331939695
721	14938990	1.5773303508758545
721	7433668	1.573607087135315
721	13923140	1.5589944124221802
907	6923961	2.1917638778686523
907	11915280	1.842956304550171
907	57783564	1.8098188638687132
907	21307488	1.7685177326202393
907	21181273	1.7598446607589722
907	22703082	1.7005499601364136
907	17755060	1.6796903610229492
907	6945691	1.6643481254577637
907	23895668	1.6603059768676758
907	12513042	1.6495362520217896
982	2988714	1.935282588005066
982	44947611	1.5340070724487305
982	6422576	1.496592998504639
982	4362729	1.4903196096420288
982	26993601	1.474511742591858
982	38477436	1.4678475856781006
982	33912020	1.4587604999542236
982	23160444	1.45304536819458
982	24737389	1.4464703798294067
982	7451607	1.4310426712036133
350	16927286	2.1040072441101074
350	13072112	1.7552211284637451
350	30261663	1.7504034042358398
350	13552682	1.6927143335342407
350	12149169	1.672650694847107
350	15590539	1.6696648597717283
350	9505448	1.6681678295135498
350	4465762	1.6608922481536863
350	1748921	1.6548646688461304
350	23342686	1.6524434089660645
768	1373287	1.6568446159362793
768	19497526	1.4967751502990725
768	32975424	1.462925672531128
768	13777138	1.4584120512008667
768	11289247	1.456416368484497
768	21114100	1.446667194366455
768	24101431	1.4281375408172607
768	2494748	1.4257797002792358
768	32450297	1.424155831336975
768	30553457	1.4176554679870603
781	24338780	2.1148245334625244
781	8246922	2.0766050815582275
781	40632104	1.9559922218322756
781	1386103	1.934164047241211
781	6270720	1.9012751579284668
781	39084565	1.8624110221862795
781	854417	1.8162848949432373
781	5572127	1.7984875440597534
781	21878751	1.7943730354309082
781	7433668	1.7702221870422363
852	13843341	1.7098619937896729
852	8190282	1.6199941635131836
852	474325	1.562957763671875
852	14361849	1.539396047592163
852	34208005	1.5317268371582031
852	40867854	1.5308191776275637
852	26611094	1.5242300033569336
852	38735355	1.4272339344024658
852	24323695	1.4098145961761477
852	14118484	1.408484935760498
956	3127341	1.8030403852462769
956	12956194	1.7921831607818604
956	3610282	1.7898592948913574
956	6061927	1.7328763008117676
956	4469125	1.673559069633484
956	3085264	1.6641640663146973
956	11090688	1.6508004665374756
956	31107919	1.6061553955078125
956	24335068	1.556941032409668
956	21754541	1.551366686820984
439	4423559	1.826795220375061
439	4932668	1.6920126676559448
439	5395426	1.6848896741867063
439	3140772	1.6813998222351074
439	14333540	1.6640682220458984
439	5927534	1.6599602699279783
439	22358449	1.6479477882385254
439	29231620	1.6474134922027588
439	29422484	1.6443543434143066
439	23076291	1.643222093582153
1121	10009203	1.827986717224121
1121	16398827	1.7874606847763062
1121	12932176	1.7760179042816162
1121	10555591	1.746779203414917
1121	29745822	1.7299189567565918
1121	4456756	1.7128640413284302
1121	23076291	1.697551727294922
1121	306311	1.6767120361328125
1121	3140772	1.6744787693023682
1121	11254556	1.6714953184127808
421	1065627	1.7245957851409912
421	17388232	1.510883331298828
421	4346436	1.4781168699264526
421	30919024	1.4497802257537842
421	313403	1.4398534297943115
421	6944800	1.4287433624267578
421	1171121	1.4242370128631592
421	18682109	1.420915603637695
421	32532238	1.4195210933685305
421	15727984	1.393979549407959
384	51972698	1.5963424444198608
384	25451374	1.522174596786499
384	13770184	1.506842017173767
384	40666943	1.501967191696167
384	456304	1.4421764612197876
384	8582337	1.4172723293304443
384	31495049	1.4027233123779297
384	8529693	1.3922666311264038
384	25499612	1.3891253471374512
384	9167230	1.380793571472168
691	33076846	1.8398892879486084
691	29073751	1.7542537450790403
691	4373445	1.693482518196106
691	10991183	1.6915194988250732
691	13023410	1.6609928607940674
691	5765455	1.6551015377044678
691	23938319	1.6512901782989502
691	28195565	1.6399298906326294
691	21793890	1.6062469482421875
691	6421792	1.6048521995544434
213	27054878	2.0516350269317627
213	20887554	1.9426584243774412
213	750781	1.6870392560958862
213	9846940	1.6552921533584597
213	13625993	1.6329425573349
213	24408040	1.5996925830841064
213	15925931	1.5949705839157104
213	38630735	1.5765600204467771
213	40156901	1.5713999271392822
213	25300664	1.5581151247024536
261	32322418	2.010843515396118
261	46743299	1.953214287757873
261	25822299	1.9488370418548584
261	35271381	1.811140775680542
261	16488405	1.7274278402328491
261	11459139	1.7089828252792358
261	17097974	1.6861348152160645
261	1122279	1.6816966533660889
261	2820454	1.6713206768035889
261	24496245	1.665313482284546
440	4423559	1.7960569858551023
440	4932668	1.6917215585708618
440	14333540	1.6662780046463013
440	22358449	1.6450567245483398
440	29422484	1.6406173706054688
440	5927534	1.6333845853805542
440	29231620	1.6315176486968994
440	17049436	1.6311614513397217
440	3085264	1.629317283630371
440	38380061	1.6148567199707031
744	4138659	2.007109403610229
744	8460275	1.807661771774292
744	6454371	1.7020478248596191
744	16319097	1.470156192779541
744	11616424	1.450348973274231
744	14092737	1.443877935409546
744	6722522	1.4388062953948977
744	4959368	1.4375303983688354
744	10012166	1.433159589767456
744	6422576	1.4295310974121094
1144	10071552	2.228018283843994
1144	9822397	1.7232500314712524
1144	6207111	1.544037938117981
1144	11201004	1.468480348587036
1144	3770750	1.4527442455291748
1144	1974176	1.424726963043213
1144	32534305	1.4131217002868652
1144	12224536	1.4050569534301758
1144	8708082	1.3741681575775146
1144	24704139	1.3599542379379272
1213	36444198	1.71273934841156
1213	21498497	1.687390685081482
1213	25148216	1.6605069637298584
1213	25988622	1.6565529108047483
1213	7948486	1.650834321975708
1213	22621251	1.6449716091156006
1213	2192419	1.637141227722168
1213	14492339	1.6358195543289185
1213	17438862	1.6147104501724243
1213	10648422	1.6090052127838137
354	8774475	2.664418458938598
354	1241113	2.021448135375977
354	1617327	1.768606424331665
354	4889228	1.7580217123031616
354	34103335	1.7525079250335691
354	5783785	1.749644756317139
354	31882215	1.7475155591964722
354	20333864	1.7316527366638184
354	39758684	1.7120940685272217
354	7898952	1.7072997093200684
575	10300888	1.6316779851913452
575	9704467	1.5960627794265747
575	4421746	1.5890283584594729
575	9548440	1.55706787109375
575	25041967	1.5232115983963013
575	10874408	1.518665790557861
575	8747771	1.5136282444000244
575	40429879	1.5034985542297363
575	25462689	1.5002753734588623
575	16686383	1.4947538375854492
628	24512064	1.778047800064087
628	28738741	1.673844814300537
628	16572581	1.6260132789611816
628	29134911	1.617961883544922
628	20996244	1.6069265604019165
628	20864487	1.561446189880371
628	23326722	1.5603997707366943
628	42065070	1.5530377626419067
628	7224723	1.5357396602630615
628	21932050	1.527167797088623
516	29564505	1.836005926132202
516	21287352	1.7564188241958618
516	3553087	1.6302052736282349
516	26107000	1.6281081438064575
516	18988265	1.6171705722808838
516	20109325	1.6107654571533203
516	21048969	1.561678409576416
516	24917562	1.5607143640518188
516	9334631	1.5447403192520142
516	40867854	1.5220181941986084
756	27134527	1.7794945240020752
756	8646760	1.7532739639282229
756	6669242	1.6687041521072388
756	2831620	1.6608279943466189
756	17919731	1.6080890893936155
756	12172346	1.5997369289398191
756	12217662	1.586838960647583
756	2988714	1.519003987312317
756	38477436	1.5015732049942017
756	21219071	1.5000369548797607
1226	11951999	1.732652187347412
1226	24731248	1.5571553707122805
1226	2405259	1.5390093326568604
1226	36950726	1.5242815017700195
1226	2086909	1.5204551219940186
1226	10795340	1.515713453292847
1226	22968257	1.5115922689437866
1226	9217800	1.453285813331604
1226	27602752	1.44793701171875
1226	33677323	1.442090630531311
54	49556906	1.8507411479949951
54	1590744	1.797589898109436
54	5172048	1.7825706005096436
54	3973445	1.777038812637329
54	9899292	1.7659287452697754
54	19313533	1.7382707595825195
54	5573975	1.733283519744873
54	32408470	1.7203454971313477
54	9752604	1.7169477939605713
54	3619931	1.693819522857666
118	6372244	2.270702838897705
118	4465735	2.0400404930114746
118	32454714	1.6732594966888428
118	20148808	1.6196662187576294
118	21956124	1.618145227432251
118	5800138	1.609439730644226
118	7735859	1.568000078201294
118	52805891	1.5559333562850952
118	41120293	1.55146062374115
118	45401535	1.5423604249954224
831	52873726	1.628748059272766
831	21307488	1.5826609134674072
831	17412260	1.577598214149475
831	4324278	1.570636510848999
831	2272614	1.5639173984527588
831	8417211	1.5616230964660645
831	15473205	1.5610370635986328
831	14893425	1.557490587234497
831	10486817	1.5503740310668943
831	41087952	1.5456608533859253
1041	15778034	2.102935552597046
1041	9451052	2.102663993835449
1041	18038955	2.033323287963867
1041	9881829	1.909316062927246
1041	18694784	1.8996171951293943
1041	11844791	1.893472671508789
1041	43156471	1.8828638792037964
1041	2817000	1.8823573589324951
1041	406733	1.833050012588501
1041	16626264	1.8323326110839844
560	11233339	1.7708529233932495
560	22517564	1.686322569847107
560	19005293	1.635246515274048
560	1855679	1.6208875179290771
560	1022115	1.6080424785614014
560	2844490	1.607290744781494
560	44562221	1.5904953479766846
560	4429118	1.5856492519378662
560	13398997	1.5735669136047363
560	29347970	1.5688787698745728
613	9638032	2.365638256072998
613	9748934	1.7352004051208496
613	6472746	1.7323861122131348
613	33911859	1.706113338470459
613	21114100	1.7021701335906982
613	2991954	1.6968944072723389
613	24555417	1.679207444190979
613	42035464	1.676533579826355
613	26064942	1.6748933792114258
613	21793890	1.6630678176879885
637	20334484	1.5071735382080078
637	6129301	1.474873661994934
637	25649714	1.4333813190460205
637	154243324	1.4190489053726196
637	24318630	1.3850505352020264
637	33135135	1.3667398691177368
637	31019903	1.3664122819900513
637	485020	1.248516321182251
637	20491205	1.2273999452590942
637	31495049	1.1855785846710205
1278	4468861	1.7157139778137207
1278	2462673	1.587185025215149
1278	5500086	1.560515284538269
1278	11335781	1.5595102310180664
1278	3981033	1.5562587976455688
1278	2947124	1.5496788024902344
1278	49432306	1.5463271141052246
1278	52180874	1.5352829694747925
1278	20501163	1.5273873805999756
1278	23912923	1.5251057147979736
137	26016929	2.0440118312835693
137	10893238	1.431485891342163
137	457630	1.4194800853729248
137	4530659	1.41520094871521
137	24735908	1.4129749536514282
137	20008796	1.3876473903656006
137	21274919	1.3776710033416748
137	15968271	1.3698960542678833
137	24285403	1.338053584098816
137	42278130	1.332205891609192
811	19799455	1.8179435729980469
811	6492658	1.55479633808136
811	11886686	1.5513566732406616
811	9748934	1.5505270957946775
811	16999023	1.5491156578063965
811	37205759	1.5469977855682373
811	1122198	1.545564889907837
811	2481032	1.530948281288147
811	12903921	1.5305179357528689
811	23868856	1.5257673263549805
1221	1836154	1.5805962085723877
1221	31634628	1.542674541473389
1221	9737083	1.4476921558380127
1221	2402323	1.4426007270812988
1221	19736671	1.4386303424835205
1221	2360905	1.4312175512313845
1221	21891856	1.4246056079864502
1221	21692235	1.4217653274536133
1221	21479575	1.4203580617904663
1221	6517763	1.4142117500305176
1280	29214508	1.9421041011810305
1280	37768883	1.9322222471237185
1280	36233757	1.749904751777649
1280	22312627	1.6103957891464231
1280	25022826	1.5442607402801514
1280	4387784	1.5280321836471558
1280	12871002	1.5261971950531006
1280	38805486	1.5158166885375977
1280	18662787	1.507066249847412
1280	3152612	1.4998968839645386
298	39381118	1.977200269699097
298	23887844	1.6970040798187256
298	15836115	1.5877419710159302
298	23403754	1.5771892070770264
298	34439544	1.5684125423431396
298	9878167	1.5444722175598145
298	25439264	1.5423715114593506
298	7643848	1.5392810106277466
298	11615242	1.510973334312439
298	17231273	1.4854295253753662
385	1032372	1.8523972034454343
385	9955779	1.8152201175689695
385	9767444	1.760932445526123
385	24726600	1.6903619766235352
385	32742683	1.6197597980499268
385	13231899	1.6163175106048584
385	26886351	1.6154500246047974
385	9486930	1.6087863445281982
385	7986878	1.597599983215332
385	8702697	1.5971055030822754
636	24294572	1.7123842239379885
636	42708716	1.6873538494110107
636	22025252	1.655829906463623
636	19752008	1.5608484745025637
636	1910120	1.5529605150222778
636	6492658	1.5385208129882812
636	14328288	1.5180174112319946
636	35660758	1.516680121421814
636	43752562	1.5130910873413086
636	3155374	1.4930157661437988
715	19047331	1.7751104831695557
715	19358586	1.756903886795044
715	153744	1.7259260416030884
715	19828689	1.7178559303283691
715	53211308	1.7141985893249512
715	13964633	1.71278178691864
715	1727493	1.705112338066101
715	2000038	1.7008752822875977
715	16346504	1.698777437210083
715	28704738	1.6816105842590332
887	9559146	1.4555708169937134
887	19489351	1.4496495723724363
887	16712164	1.439913034439087
887	16630060	1.4208589792251587
887	7506409	1.419860601425171
887	26596106	1.40408194065094
887	6106004	1.4040716886520386
887	23305884	1.4017683267593384
887	3173489	1.4015263319015503
887	21602220	1.3969569206237793
1282	23649163	1.451914668083191
1282	27944135	1.3168015480041504
1282	14105446	1.2652543783187866
1282	79696454	1.2400938272476196
1282	33118292	1.2384427785873413
1282	602760	1.2296743392944336
1282	32852283	1.221458911895752
1282	118568	1.213909149169922
1282	8428837	1.2137786149978638
1282	10526279	1.2028748989105225
75	4387784	1.8318750858306885
75	25657127	1.6764092445373535
75	37768883	1.6743698120117188
75	36233757	1.6322574615478516
75	29214508	1.6057888269424438
75	26488879	1.5362515449523926
75	13965483	1.5281187295913696
75	22703082	1.4887174367904663
75	29367554	1.4804562330245972
75	38805486	1.4280699491500854
129	27768226	1.717841386795044
129	790598	1.140882134437561
129	8042158	1.1321848630905151
129	4688277	1.1003000736236572
129	7547329	1.0773030519485474
129	16979690	1.0741397142410278
129	10577574	1.0677320957183838
129	23897346	1.0226507186889648
129	6477536	1.0173962116241455
129	5855168	1.004296898841858
130	27768226	1.7133877277374268
130	8042158	1.140983819961548
130	790598	1.1370595693588257
130	4688277	1.1153539419174194
130	7547329	1.0916352272033691
130	16979690	1.0760982036590576
130	10577574	1.049039363861084
130	23897346	1.030236005783081
130	6477536	1.010003924369812
130	5855168	1.0090560913085938
141	14437255	1.7549159526824951
141	38794814	1.5281623601913452
141	10624000	1.5191320180892944
141	6955746	1.5014419555664062
141	313394	1.4043693542480469
141	23331269	1.3348652124404907
141	6985854	1.3203314542770386
141	36860856	1.3141043186187744
141	41182002	1.3122822046279907
141	18379855	1.3056628704071045
230	3067015	1.566306471824646
230	38028419	1.4310157299041748
230	4641348	1.3330199718475342
230	6947286	1.3017115592956543
230	11457219	1.284876585006714
230	14663842	1.2846444845199585
230	24019260	1.284562110900879
230	71625969	1.2762033939361572
230	8892905	1.271665096282959
230	1145473	1.2647504806518557
554	9878167	1.7889670133590698
554	9225850	1.730510115623474
554	52925737	1.704163670539856
554	28015516	1.6956753730773926
554	14853989	1.689143419265747
554	5511240	1.6863980293273926
554	4911006	1.677581787109375
554	5386514	1.6759475469589231
554	11837657	1.674849271774292
554	31624828	1.6732412576675415
623	22843838	1.8790804147720337
623	23267371	1.7222280502319336
623	25599283	1.7131450176239014
623	12074066	1.6582515239715576
623	25259746	1.6470121145248413
623	4462079	1.6412149667739868
623	30720103	1.620557427406311
623	17000834	1.607218623161316
623	22023404	1.6048529148101809
623	9555784	1.595848798751831
911	11254556	1.6962944269180298
911	9159125	1.5761483907699585
911	3085264	1.5680443048477173
911	10666475	1.5276012420654297
911	10889845	1.522737979888916
911	23974474	1.5174180269241333
911	17755060	1.5132514238357544
911	12513042	1.5076651573181152
911	16389141	1.501331090927124
911	21199527	1.4898239374160769
171	12670680	1.8808135986328125
171	28149602	1.7661361694335938
171	28015516	1.7116262912750244
171	5448119	1.5288423299789429
171	14853989	1.526716232299805
171	14938990	1.522127985954285
171	1834762	1.5029051303863523
171	1049501	1.4325422048568726
171	28712203	1.430900812149048
171	17741440	1.4232237339019775
834	23100962	1.7587729692459106
834	23122306	1.5709013938903809
834	5785219	1.4745354652404783
834	22995164	1.4323780536651611
834	20101846	1.4022597074508667
834	7230315	1.375018835067749
834	8536018	1.3533151149749756
834	32975424	1.3423540592193604
834	19204979	1.3111975193023682
834	35345807	1.30519700050354
727	36444198	1.8107662200927732
727	5372773	1.740037441253662
727	22621251	1.713012456893921
727	14492339	1.7021105289459229
727	25148216	1.682695746421814
727	16488405	1.6585326194763184
727	8317408	1.6536152362823486
727	7521113	1.6430139541625977
727	17934603	1.640328884124756
727	7948486	1.6382710933685305
1279	4468861	1.7056591510772705
1279	2462673	1.6117541790008545
1279	11335781	1.6093103885650637
1279	20501163	1.58539617061615
1279	23912923	1.5776216983795166
1279	5500086	1.5668431520462036
1279	2947124	1.560436129570007
1279	3981033	1.559278964996338
1279	1900152	1.5566470623016355
1279	49432306	1.5498592853546145
312	32770503	1.6906219720840454
312	14464451	1.6447155475616455
312	143251	1.5706294775009155
312	13123189	1.54029381275177
312	17447653	1.4547412395477295
312	25041967	1.4396965503692627
312	25813706	1.4359053373336792
312	6636088	1.4229053258895874
312	27061085	1.4073400497436523
312	20375264	1.406287431716919
1089	17628888	2.4525063037872314
1089	7915836	1.9154627323150637
1089	23577014	1.7481168508529663
1089	12691537	1.6863975524902344
1089	21948782	1.6568071842193604
1089	2890952	1.6116936206817627
1089	26612216	1.5999572277069092
1089	9732010	1.598430871963501
1089	86231298	1.5980195999145508
1089	13777138	1.5957229137420654
1132	2714623	2.1137471199035645
1132	15972906	2.088350296020508
1132	18758057	2.059162139892578
1132	33499189	2.03808856010437
1132	6936141	1.9917092323303225
1132	41982985	1.975569725036621
1132	5914739	1.946502923965454
1132	24069089	1.9448585510253904
1132	18834078	1.944671988487244
1132	34905328	1.937770128250122
415	20937018	2.181482315063477
415	4505748	2.0002424716949463
415	51386222	1.9392930269241333
415	12443371	1.92965829372406
415	24530130	1.8549721240997317
415	18852643	1.821115612983704
415	4709641	1.801829814910889
415	6947286	1.794846534729004
415	24906548	1.7921018600463867
415	37205759	1.7808598279953003
975	29509926	1.6530550718307495
975	4454788	1.6336592435836792
975	25315295	1.630499243736267
975	2844490	1.614429235458374
975	17438862	1.5615975856781006
975	13923069	1.5519514083862305
975	13905670	1.5384427309036257
975	16863359	1.5307796001434326
975	20460020	1.523685336112976
975	16488405	1.5114606618881226
1202	3475317	1.7650573253631592
1202	44562221	1.6830224990844729
1202	24612804	1.6045291423797607
1202	9225850	1.5747292041778564
1202	16863359	1.5668449401855469
1202	40323148	1.566778302192688
1202	34615397	1.566235065460205
1202	24707550	1.5553107261657717
1202	42465769	1.543560028076172
1202	22696649	1.5232747793197632
124	4883040	2.0008528232574463
124	7111021	1.899317502975464
124	14319754	1.7640451192855835
124	31363207	1.7331621646881104
124	341324	1.7022820711135864
124	21479231	1.6965171098709106
124	11254040	1.6858450174331665
124	26038789	1.601813793182373
124	13899137	1.5854063034057615
124	32012666	1.5837111473083496
380	219475	1.636819839477539
380	23509113	1.5882141590118408
380	19005293	1.584333419799805
380	26068103	1.549062728881836
380	30398773	1.536712884902954
380	12966719	1.4955015182495115
380	9955779	1.4938291311264038
380	6374918	1.4855178594589231
380	24917562	1.484813928604126
380	13231899	1.4832192659378052
882	14803797	1.9199498891830444
882	15615957	1.4941691160202026
882	25937484	1.471840262413025
882	44624045	1.4668563604354858
882	22995164	1.4629162549972534
882	5687200	1.4575107097625732
882	12709184	1.4456260204315186
882	21297708	1.4319126605987549
882	4463811	1.4174957275390625
882	2605032	1.4172074794769287
1379	27123743	1.772111415863037
1379	17450673	1.7342969179153442
1379	16322674	1.6389601230621338
1379	16098747	1.6262208223342896
1379	13765757	1.5921424627304075
1379	23557241	1.5749878883361816
1379	37480103	1.5728758573532104
1379	13831842	1.5727097988128662
1379	25973484	1.563185453414917
1379	5487448	1.5564777851104736
436	14332945	1.7898348569869995
436	14637235	1.7800203561782837
436	15659108	1.7212836742401123
436	10015292	1.7185649871826172
436	12588500	1.7052009105682373
436	15600979	1.6966407299041748
436	21307488	1.6875498294830322
436	39637840	1.6814121007919312
436	7426741	1.6771485805511477
436	7151961	1.6744167804718018
692	24088502	1.8943119049072263
692	8137081	1.6409482955932615
692	25420421	1.601740837097168
692	27602752	1.5907130241394043
692	22890091	1.5005173683166504
692	1871230	1.4731231927871704
692	9254550	1.4689315557479858
692	46926352	1.4675031900405884
692	30398773	1.4637937545776367
692	13959707	1.463240385055542
1204	31141365	1.6836026906967163
1204	12887068	1.6451284885406494
1204	37164306	1.6405473947525024
1204	9675944	1.627042531967163
1204	3849194	1.624903678894043
1204	9997636	1.6176719665527344
1204	25597580	1.5833148956298828
1204	25413327	1.5829758644104004
1204	6401675	1.5770963430404663
1204	2701077	1.575182557106018
1197	154243324	1.4755595922470093
1197	33135135	1.4544448852539062
1197	20334484	1.4198074340820312
1197	25649714	1.3914077281951904
1197	31019903	1.3234901428222656
1197	6129301	1.2872004508972168
1197	153755807	1.183080554008484
1197	5339554	1.1615030765533447
1197	13097856	1.1474013328552246
1197	21902910	1.140589952468872
294	17240457	1.5864005088806152
294	10086360	1.584957480430603
294	10874408	1.5471147298812866
294	34386619	1.5131514072418213
294	25799020	1.4846670627593994
294	3514072	1.4565284252166748
294	23604601	1.4556376934051514
294	8148304	1.4541665315628052
294	2817000	1.444265604019165
294	21170174	1.436004638671875
985	6828370	1.933984398841858
985	16364639	1.8595998287200928
985	13964633	1.805169939994812
985	12652963	1.785163164138794
985	19828689	1.7547876834869385
985	16605494	1.72112774848938
985	19358586	1.7199465036392212
985	15590539	1.7131612300872805
985	28704738	1.7036720514297483
985	2356950	1.702836990356445
1024	5373138	1.636535406112671
1024	857189	1.5833892822265625
1024	8494570	1.5761613845825195
1024	36082224	1.5750353336334229
1024	24995939	1.5628621578216553
1024	4421547	1.5396888256072998
1024	140874	1.51607084274292
1024	26064942	1.5119400024414062
1024	92308	1.5069204568862915
1024	14530534	1.4997576475143433
1150	11369420	2.302124500274658
1150	25832301	1.750246286392212
1150	3863543	1.6353920698165894
1150	8385277	1.6264519691467283
1150	28614776	1.6200032234191897
1150	4889228	1.6158156394958496
1150	12903921	1.5980578660964966
1150	40323454	1.5970968008041382
1150	5836	1.5926306247711182
1150	9486930	1.5893081426620483
1270	13900610	1.6617350578308103
1270	14843502	1.4548317193984983
1270	20491205	1.406346321105957
1270	34227917	1.3212720155715942
1270	12794099	1.3186877965927124
1270	1102268	1.3092803955078125
1270	9976969	1.3044079542160034
1270	42185082	1.2587406635284424
1270	29253460	1.2372504472732544
1270	43855756	1.2327699661254885
303	28390999	1.809017300605774
303	4085204	1.6818287372589111
303	23581096	1.6303424835205078
303	28928964	1.6102659702301023
303	2356950	1.5924078226089478
303	13777138	1.5848798751831057
303	17775228	1.5773030519485474
303	6455142	1.5737112760543823
303	25629722	1.5567011833190918
303	140874	1.5510276556015017
693	24088502	1.8953981399536133
693	623486	1.448009967803955
693	27602752	1.4447237253189087
693	8137081	1.4349498748779297
693	25420421	1.4099555015563965
693	22890091	1.3998315334320068
693	46926352	1.3917689323425293
693	118568	1.387396216392517
693	1871230	1.383077621459961
693	11527199	1.3747217655181885
845	17741440	2.155169486999512
845	9878167	2.068335056304932
845	29399239	1.991896152496338
845	43054703	1.9725868701934812
845	14853989	1.863897442817688
845	1049501	1.846699953079224
845	36089763	1.791222333908081
845	2236768	1.7706589698791504
845	1800734	1.7669678926467896
845	46517055	1.7380317449569702
1232	13905670	1.7712781429290771
1232	5922085	1.5533524751663208
1232	1265945	1.52295982837677
1232	4427060	1.4927279949188232
1232	6947286	1.4537216424942017
1232	26735018	1.4520243406295776
1232	4418070	1.4436200857162476
1232	28937856	1.4333081245422363
1232	4505748	1.427569031715393
1232	20977638	1.4163738489151
233	4388470	1.906520247459412
233	28390999	1.5702812671661377
233	41380943	1.543784499168396
233	17601006	1.4893109798431396
233	5002665	1.4520896673202517
233	23581096	1.4374498128890991
233	27279525	1.4280452728271484
233	1381673	1.4216854572296145
233	36708463	1.412126541137695
233	29641682	1.3975317478179932
431	17231273	1.876028060913086
431	14496749	1.8669471740722656
431	29073751	1.7613344192504885
431	14848619	1.7573339939117432
431	28937856	1.7564122676849363
431	13380011	1.7490057945251465
431	29429111	1.7326624393463137
431	6000423	1.7279425859451294
431	19922508	1.7277275323867798
431	9878167	1.7147340774536133
1107	20532591	1.6437221765518188
1107	29381091	1.477342128753662
1107	970012	1.4538284540176392
1107	14865329	1.4423460960388184
1107	25817686	1.4291527271270752
1107	13000926	1.4246231317520142
1107	26902591	1.4226746559143066
1107	21868715	1.3839552402496338
1107	4319174	1.3784703016281128
1107	79447	1.340060472488403
1196	154243324	1.4772279262542725
1196	33135135	1.423946976661682
1196	20334484	1.411236047744751
1196	25649714	1.3851301670074463
1196	31019903	1.3045191764831543
1196	6129301	1.3040521144866943
1196	5339554	1.1689486503601074
1196	153755807	1.1666892766952517
1196	45581752	1.1555737257003784
1196	146653163	1.1449432373046875
1273	11041152	2.4893569946289062
1273	24555417	1.9494116306304927
1273	1684489	1.8877174854278564
1273	22405338	1.8311138153076167
1273	6472746	1.8202379941940308
1273	493346	1.8085241317749023
1273	1889358	1.8027082681655884
1273	2991954	1.7876524925231934
1273	7549811	1.7465405464172363
1273	38528892	1.7358702421188354
99	2617858	1.371232986450195
99	7116734	1.3218480348587036
99	3829232	1.3217229843139648
99	6788835	1.308361291885376
99	10247314	1.30401349067688
99	27900414	1.303489089012146
99	1546650	1.3018295764923096
99	35345807	1.2925541400909424
99	29098525	1.2914587259292605
99	16270577	1.2885736227035522
237	12881593	1.6557645797729492
237	4942718	1.6439998149871826
237	34198365	1.5594927072525024
237	31407112	1.513708233833313
237	12824568	1.5034313201904297
237	20471181	1.4956823587417605
237	11335860	1.4825177192687988
237	34386619	1.4802017211914062
237	10786948	1.4559732675552368
237	463309	1.4524073600769043
674	7662206	1.6470524072647097
674	4647303	1.5980279445648191
674	9617381	1.597888469696045
674	72933407	1.596067190170288
674	2095573	1.5726735591888428
674	30981192	1.556171417236328
674	15155862	1.549079418182373
674	15360986	1.5320029258728027
674	9171913	1.5110673904418943
674	7757997	1.4905381202697754
783	8246922	1.945559024810791
783	39084565	1.9434239864349363
783	24338780	1.8910603523254397
783	854417	1.8763737678527832
783	1386103	1.8568015098571775
783	21878751	1.8343019485473635
783	6270720	1.8184318542480469
783	7155555	1.807887315750122
783	10627801	1.7936534881591797
783	7433668	1.7844812870025637
921	1642727	1.746424674987793
921	17691617	1.4591500759124756
921	6647414	1.383918523788452
921	12205576	1.3768997192382812
921	2028532	1.375047206878662
921	15041758	1.3089959621429443
921	12672066	1.301915407180786
921	37156349	1.29870343208313
921	40817021	1.2467421293258667
921	24285403	1.2435280084609983
1272	21012916	1.5047938823699951
1272	15488881	1.448081135749817
1272	8629328	1.4247779846191406
1272	4999633	1.3914943933486938
1272	12871281	1.3832110166549685
1272	15669393	1.379673719406128
1272	24760136	1.3735675811767578
1272	23746332	1.3722736835479736
1272	20261352	1.371361494064331
1272	25238950	1.3671940565109253
1337	7820043	1.7094507217407229
1337	20231138	1.672610640525818
1337	13277623	1.5931026935577393
1337	12225214	1.5813648700714111
1337	1635872	1.5527825355529783
1337	18111172	1.5233945846557615
1337	6784372	1.5147064924240112
1337	27635177	1.5134637355804443
1337	23513818	1.5019192695617676
1337	946756	1.4983110427856443
578	8764879	1.9571882486343384
578	24612804	1.7536495923995972
578	3984231	1.7483642101287842
578	21114100	1.7312651872634888
578	25827024	1.7235727310180664
578	14407673	1.7228907346725464
578	17708753	1.71344256401062
578	21891856	1.7114346027374268
578	27602752	1.7084825038909912
578	43192375	1.704904317855835
684	12881593	1.6147395372390747
684	4942718	1.6071733236312866
684	12824568	1.5429396629333496
684	34386619	1.4954241514205933
684	34198365	1.4786396026611328
684	463309	1.4581342935562134
684	25946292	1.3822245597839355
684	36345185	1.380446434020996
684	13621186	1.3785407543182373
684	17416520	1.3732038736343384
718	17587795	1.6477327346801758
718	11935250	1.5363082885742188
718	13955536	1.531818151473999
718	2754534	1.52314293384552
718	4392608	1.5179178714752195
718	42387637	1.474994659423828
718	7988832	1.4684184789657593
718	12324049	1.4640613794326782
718	25254425	1.4628852605819702
718	39758684	1.4627299308776855
48	13734012	1.5566728115081787
48	11349166	1.4812979698181152
48	18617259	1.438498616218567
48	28738741	1.3368468284606934
48	23531592	1.289911866188049
48	24512064	1.2840068340301514
48	5850219	1.2546075582504272
48	29955650	1.2403326034545898
48	14390137	1.2391417026519775
48	24943534	1.2331472635269165
967	8997410	1.7828733921051023
967	6969753	1.558968424797058
967	2119889	1.512262940406799
967	23700330	1.506589651107788
967	36345185	1.4979805946350098
967	12640810	1.487824320793152
967	9612317	1.4822664260864258
967	6923795	1.4775830507278442
967	86694016	1.4740712642669678
967	25817686	1.470694661140442
1012	9745001	2.313809394836426
1012	43122426	2.016984224319458
1012	6751418	1.8903794288635252
1012	26026009	1.7982136011123655
1012	37912677	1.7104467153549194
1012	25452937	1.470575213432312
1012	19878070	1.417162299156189
1012	41340212	1.3692898750305176
1012	26000593	1.357534646987915
1012	18414462	1.3394181728363037
1241	4427392	1.753553032875061
1241	4932668	1.6509716510772705
1241	12411274	1.6445634365081787
1241	25858295	1.6208610534667969
1241	106301	1.537395715713501
1241	2828460	1.5306813716888428
1241	6148876	1.525738000869751
1241	5002665	1.5154132843017578
1241	5085118	1.5066388845443726
1241	39164524	1.5059123039245603
452	4632921	1.668493151664734
452	9154703	1.6105732917785645
452	36242796	1.595047950744629
452	13759726	1.5939640998840332
452	16237005	1.585707664489746
452	13592721	1.5612257719039917
452	17702490	1.556579351425171
452	8290760	1.5564026832580566
452	6790197	1.5399080514907837
452	4378885	1.5365536212921145
1088	37549932	1.7681350708007812
1088	33638477	1.6684935092926023
1088	4323425	1.651757836341858
1088	41710132	1.5618445873260498
1088	16550075	1.5361253023147583
1088	11915280	1.521678447723389
1088	29806339	1.519821286201477
1088	11900630	1.501548171043396
1088	40500438	1.492274045944214
1088	6923961	1.4914673566818235
279	14376683	2.183634757995605
279	37677954	1.88789701461792
279	83667891	1.7883808612823486
279	152245	1.4971117973327637
279	3823862	1.476465940475464
279	13702924	1.4513323307037354
279	34287602	1.4218741655349731
279	87986426	1.4013965129852295
279	44737533	1.4004886150360107
279	10335603	1.398918390274048
491	56893404	1.6936407089233398
491	43311750	1.5825111865997314
491	13450938	1.5020118951797483
491	30983338	1.5016047954559326
491	5567005	1.4453929662704468
491	41599676	1.4316983222961426
491	857189	1.4291964769363403
491	1576955	1.4119162559509275
491	32534305	1.405624270439148
491	21472388	1.400536298751831
728	36444198	1.8083083629608157
728	5372773	1.7165906429290771
728	22621251	1.7055392265319824
728	14492339	1.6967419385910034
728	25148216	1.6699209213256836
728	16488405	1.6528382301330566
728	8317408	1.6487836837768557
728	7521113	1.6349267959594729
728	17934603	1.6338646411895752
728	7948486	1.6318299770355225
729	18038250	1.6566710472106934
729	26851674	1.6472012996673584
729	8133180	1.642276167869568
729	10279084	1.6398886442184448
729	22901758	1.5781947374343872
729	22682497	1.557895302772522
729	2462673	1.5523715019226074
729	317204	1.545621633529663
729	13070316	1.5428671836853027
729	43419566	1.5401930809020996
820	35448676	1.728368043899536
820	18111172	1.5806374549865725
820	4465762	1.5732496976852417
820	7268522	1.5719144344329834
820	16927286	1.5636637210845947
820	18467982	1.5508415699005127
820	8712839	1.5477415323257446
820	9505448	1.545635461807251
820	5116145	1.5330673456192017
820	23604601	1.5259884595870972
1062	20381484	2.080440044403076
1062	25748308	1.6595016717910769
1062	32985041	1.6553552150726318
1062	35345807	1.63761568069458
1062	32638085	1.6310160160064695
1062	2139357	1.618444800376892
1062	11532659	1.6129379272460938
1062	14972169	1.610709547996521
1062	406733	1.5693621635437012
1062	2831620	1.5668164491653442
1262	44172171	2.2443833351135254
1262	5765455	1.8188738822937007
1262	21793890	1.810252904891968
1262	21561474	1.7951345443725586
1262	20420780	1.7896647453308103
1262	461550	1.769012451171875
1262	12207340	1.727245807647705
1262	14332945	1.7253963947296145
1262	13023410	1.7219468355178833
1262	47018050	1.7197569608688354
232	10536636	1.8917261362075808
232	7655029	1.744464635848999
232	29090823	1.504993915557861
232	25938221	1.2684160470962524
232	27580223	1.167361617088318
232	457630	1.140589952468872
232	13966946	1.1333374977111816
232	8593263	1.079099178314209
232	45218443	1.0717191696166992
232	20931483	1.0653866529464722
236	4388470	1.8953733444213867
236	17601006	1.5090806484222412
236	27279525	1.4976447820663452
236	28390999	1.496761679649353
236	3360421	1.490870714187622
236	5002665	1.4875036478042605
236	41380943	1.477104663848877
236	21271817	1.462458610534668
236	15803282	1.4569615125656128
236	23581096	1.443395733833313
399	791050	2.186864852905273
399	471921	1.621575117111206
399	21003930	1.520549178123474
399	42387637	1.4280058145523071
399	32357890	1.409285306930542
399	2891825	1.397578239440918
399	13770184	1.379631757736206
399	44830890	1.3330683708190918
399	34121231	1.326582431793213
399	24148722	1.325324535369873
922	17077004	1.844098448753357
922	22227889	1.6283525228500366
922	14395738	1.5426607131958008
922	44562058	1.5327837467193604
922	31562330	1.5021870136260986
922	57121667	1.495231866836548
922	24596228	1.4657000303268433
922	28806780	1.4621793031692505
922	26038789	1.4324194192886353
922	1259359	1.4259953498840332
821	35448676	1.7204487323760986
821	6426919	1.5639643669128418
821	18111172	1.5616719722747805
821	18467982	1.5531377792358398
821	5116145	1.540361404418945
821	12652963	1.5369352102279663
821	8712839	1.5336272716522217
821	4465762	1.5251216888427734
821	7268522	1.5250166654586792
821	16927286	1.5158288478851318
1146	13906581	1.6058807373046875
1146	17626822	1.207526683807373
1146	43855756	1.1977040767669678
1146	10374686	1.1871438026428225
1146	26611094	1.186943292617798
1146	20606520	1.1761293411254885
1146	45920278	1.1694530248641968
1146	20491205	1.161745309829712
1146	24318630	1.1447553634643557
1146	72580164	1.1351337432861328
327	17997584	1.7378277778625488
327	29689140	1.6301089525222778
327	364522	1.626559853553772
327	23912923	1.6258052587509155
327	3984231	1.6154779195785522
327	22059387	1.5828182697296145
327	2405259	1.574299931526184
327	40349336	1.572734236717224
327	6270720	1.5716720819473269
327	9614443	1.557329773902893
532	12991445	1.7206993103027344
532	17897801	1.5702261924743652
532	23195674	1.5601577758789062
532	1387104	1.54798686504364
532	7873737	1.499550461769104
532	3215494	1.482588768005371
532	31889025	1.4814454317092896
532	2973910	1.475217580795288
532	5824985	1.4750993251800537
532	34338075	1.474751353263855
533	12991445	1.6723984479904177
533	1387104	1.5773730278015137
533	17897801	1.5303716659545898
533	23195674	1.5199991464614868
533	13007205	1.501812219619751
533	30639847	1.4922369718551636
533	25028913	1.4914803504943848
533	42601237	1.489179611206055
533	4910408	1.4799509048461914
533	2973910	1.4799370765686035
544	3493623	1.7804557085037231
544	10627801	1.6751939058303833
544	5137019	1.6677944660186768
544	8692744	1.6265203952789309
544	11784947	1.614893674850464
544	5867846	1.6134402751922607
544	22495397	1.6062836647033691
544	37727521	1.601712703704834
544	16120395	1.5968632698059082
544	24221369	1.593510627746582
1014	6277638	1.7216708660125732
1014	24632480	1.519145965576172
1014	116792	1.4712570905685425
1014	2266471	1.4690247774124146
1014	1227277	1.4669075012207031
1014	13774178	1.3842947483062744
1014	4434951	1.3643836975097656
1014	22025252	1.3630152940750122
1014	10790846	1.351365089416504
1014	6690087	1.3460237979888916
1352	12885341	2.1090080738067627
1352	8764879	1.7220252752304075
1352	10559501	1.6972734928131104
1352	5372773	1.630084991455078
1352	5137019	1.6182823181152344
1352	3493623	1.617072343826294
1352	18938992	1.5837633609771729
1352	2947124	1.5758590698242188
1352	10648422	1.5655304193496704
1352	29023309	1.557941436767578
248	1568684	1.8684349060058596
248	15561961	1.4528952836990356
248	21547032	1.4194105863571167
248	25050364	1.4093122482299805
248	21636085	1.368458867073059
248	26902591	1.349280834197998
248	14501880	1.348397970199585
248	5152028	1.326695203781128
248	29691654	1.3236331939697266
248	11705328	1.3140103816986084
1049	24737389	1.6035138368606567
1049	8925851	1.581967830657959
1049	26112624	1.4625277519226074
1049	6670101	1.4606549739837646
1049	12486491	1.4573662281036377
1049	8426046	1.4261614084243774
1049	7487927	1.4040029048919678
1049	19822046	1.4015121459960938
1049	14019636	1.4000141620635986
1049	23618826	1.3949809074401855
1319	12742164	1.6370275020599363
1319	33535222	1.6112631559371948
1319	14192687	1.5934516191482544
1319	2437807	1.5623961687088013
1319	16284655	1.5384843349456787
1319	22613657	1.5298264026641846
1319	36637129	1.4984503984451294
1319	20357868	1.4863585233688354
1319	8790729	1.4844059944152832
1319	9629682	1.4730182886123655
185	18340282	1.6592543125152588
185	2015126	1.593809723854065
185	21874312	1.5506051778793335
185	16734530	1.5401155948638916
185	17088791	1.5245580673217771
185	19736671	1.5213587284088137
185	20886584	1.5178284645080566
185	22401720	1.5178163051605225
185	27123743	1.5152705907821655
185	23557241	1.5117086172103882
702	16557565	1.821630954742432
702	4350400	1.6956826448440552
702	38675228	1.4850776195526123
702	1354567	1.4714845418930054
702	1669173	1.4579254388809204
702	38751591	1.4562373161315918
702	20402596	1.4397720098495483
702	14926162	1.428830623626709
702	40429879	1.4252985715866089
702	435529	1.4236831665039062
1245	11748341	1.2033568620681765
1245	1606628	1.1684809923171997
1245	1946610	1.155935525894165
1245	40500723	1.130895972251892
1245	8529693	1.1146302223205566
1245	8906858	1.1076644659042358
1245	7662395	1.0925006866455078
1245	49429882	1.0918139219284058
1245	27841037	1.08595609664917
1245	71628189	1.0858111381530762
53	45638119	1.8848652839660645
53	32001951	1.6049515008926392
53	16734530	1.541296362876892
53	21181273	1.5351271629333496
53	1379127	1.490039348602295
53	13030852	1.4698021411895752
53	13069283	1.454120635986328
53	17088791	1.4483442306518557
53	42731834	1.4387437105178833
53	14180565	1.4214603900909424
249	1568684	1.7537657022476196
249	15561961	1.3596642017364502
249	21547032	1.347463607788086
249	25050364	1.3233577013015747
249	21636085	1.314561128616333
249	11705328	1.2960402965545654
249	26902591	1.291019320487976
249	14501880	1.2868103981018066
249	5152028	1.282094955444336
249	29691654	1.278048753738403
508	25516011	1.8781559467315676
508	40234452	1.6941922903060913
508	4381486	1.5912001132965088
508	24541180	1.5885217189788818
508	87610599	1.581270694732666
508	18374364	1.5382663011550903
508	623486	1.5277818441390991
508	25985964	1.50195574760437
508	11900630	1.4902267456054688
508	27396415	1.4832353591918943
540	11886686	1.7432775497436523
540	14782049	1.6606438159942627
540	2225918	1.56910240650177
540	45154987	1.558605670928955
540	46451940	1.5378843545913696
540	4469125	1.5370498895645142
540	306311	1.530752182006836
540	6565037	1.527523636817932
540	17150648	1.5054070949554443
540	23869951	1.5019710063934326
641	5912283	1.5819709300994873
641	24865781	1.4998315572738647
641	24346598	1.4313017129898071
641	26150367	1.3861767053604126
641	21373821	1.3848412036895752
641	17973630	1.3836147785186768
641	24494539	1.2473331689834597
641	31554917	1.22819983959198
641	6191684	1.1966246366500854
641	27150276	1.1850767135620115
1140	12009265	1.618238091468811
1140	4500832	1.512540340423584
1140	308862	1.4578444957733154
1140	3355397	1.4150011539459229
1140	39903312	1.3863800764083862
1140	520579	1.3731465339660645
1140	22180793	1.3617534637451172
1140	24581365	1.3530759811401367
1140	18473550	1.35096275806427
1140	32766786	1.347909688949585
1290	4687948	2.008432388305664
1290	7454794	1.570597767829895
1290	40156901	1.49869704246521
1290	5698494	1.4969797134399414
1290	2391552	1.4964559078216553
1290	35534019	1.4415675401687622
1290	22420524	1.439375638961792
1290	21557614	1.3894480466842651
1290	9846940	1.3877041339874268
1290	34268160	1.3847486972808838
1316	24879055	1.7396390438079834
1316	37311371	1.7036529779434204
1316	991137	1.6859378814697266
1316	21320417	1.6833434104919434
1316	28247027	1.6446058750152588
1316	33535222	1.6436152458190918
1316	5508750	1.6258606910705566
1316	23032247	1.6252299547195437
1316	22198971	1.6183476448059082
1316	13398997	1.6169447898864746
1389	23895668	2.0121219158172607
1389	13002003	1.7517554759979248
1389	57783564	1.6900476217269895
1389	1344498	1.681980848312378
1389	22174015	1.6765071153640747
1389	8460275	1.6649229526519775
1389	6690087	1.6633048057556152
1389	2014909	1.621947169303894
1389	2991954	1.5942013263702393
1389	13172737	1.578194260597229
700	16557565	1.8921035528182983
700	4350400	1.7607171535491943
700	1354567	1.5609495639801023
700	1669173	1.5491294860839844
700	435529	1.5170226097106934
700	1744097	1.514904499053955
700	40429879	1.5049219131469729
700	38675228	1.4884450435638428
700	23604601	1.481495380401611
700	38751591	1.4800052642822266
993	26118532	1.8745460510253904
993	16472469	1.722583293914795
993	6386930	1.5113335847854614
993	213017	1.4904563426971436
993	25842866	1.4869916439056396
993	25787749	1.485905647277832
993	1226452	1.4577875137329102
993	26607366	1.455840229988098
993	42035464	1.448974609375
993	15570691	1.4266338348388672
1363	1122279	1.2192938327789309
1363	323030	1.1450917720794678
1363	79447	1.1320085525512695
1363	24003461	1.123598575592041
1363	4890578	1.1143243312835691
1363	7373453	1.105635166168213
1363	22889972	1.1014729738235474
1363	31154082	1.0931676626205444
1363	34876410	1.0893287658691406
1363	25175997	1.0837764739990234
410	14924526	2.001784563064575
410	15889329	1.584500432014465
410	116792	1.5006777048110962
410	30534237	1.4967758655548096
410	37592824	1.486772537231445
410	1410197	1.4419610500335691
410	810480	1.4090843200683594
410	25416944	1.3684821128845217
410	29723642	1.3652851581573486
410	599582	1.358539581298828
1019	1225513	1.372314214706421
1019	23633726	1.3330992460250854
1019	59453688	1.3078744411468506
1019	11603066	1.292912483215332
1019	6472746	1.268850326538086
1019	9875570	1.2685858011245728
1019	3093512	1.254364013671875
1019	196664003	1.2259721755981443
1019	33554389	1.225716471672058
1019	18111172	1.2166333198547363
1163	15305881	1.9957208633422847
1163	799586	1.501349925994873
1163	24928817	1.467513084411621
1163	1914588	1.4427708387374878
1163	29098525	1.4237127304077148
1163	7151961	1.413585901260376
1163	10874408	1.4035736322402954
1163	36950726	1.3991782665252686
1163	7735859	1.393423080444336
1163	35747505	1.377235770225525
36	11705328	1.7938233613967896
36	16252863	1.792844295501709
36	18557974	1.757174730300903
36	37424881	1.7473913431167605
36	21636085	1.7454125881195068
36	33409100	1.7163281440734863
36	8595678	1.669513702392578
36	5152028	1.6410679817199707
36	3215494	1.6373851299285889
36	9813098	1.5953962802886963
742	32159283	1.458418846130371
742	13823200	1.4161843061447144
742	21239672	1.3656537532806396
742	6853699	1.3478659391403198
742	10284593	1.331332802772522
742	6270720	1.32655668258667
742	3435889	1.3211824893951416
742	3984231	1.3128061294555664
742	25028913	1.3074591159820557
742	4418112	1.3057336807250977
808	36606083	1.5950156450271606
808	20821402	1.3733973503112793
808	12207340	1.36114501953125
808	22003328	1.3545386791229248
808	25462689	1.3503574132919312
808	18111172	1.3492560386657717
808	37328025	1.337196707725525
808	35448676	1.3368277549743652
808	21221346	1.3208286762237549
808	41022628	1.3173584938049316
903	10648422	2.101163387298584
903	43534665	1.848114013671875
903	9334631	1.7898988723754885
903	5752492	1.749328374862671
903	8639034	1.708629131317139
903	37762357	1.6932010650634766
903	854417	1.6923925876617432
903	15425958	1.6891047954559326
903	21498497	1.66294264793396
903	195683603	1.657559514045715
1292	56893404	1.670924425125122
1292	13450938	1.500452160835266
1292	32534305	1.4904038906097412
1292	30983338	1.4699456691741943
1292	4886637	1.4666988849639893
1292	13940200	1.4613641500473022
1292	24725136	1.445115566253662
1292	5567005	1.4400968551635742
1292	41264017	1.3978248834609983
1292	7011850	1.3954005241394043
51	45638119	1.860856533050537
51	32001951	1.5700253248214722
51	16734530	1.5064436197280884
51	1379127	1.4687693119049072
51	21181273	1.452531814575195
51	14180565	1.4317611455917358
51	13069283	1.4270446300506592
51	13030852	1.3897806406021118
51	29124963	1.377996563911438
51	17088791	1.3753633499145508
100	4381486	1.8406941890716555
100	14550841	1.6728678941726685
100	25516011	1.6444202661514282
100	12742164	1.5662078857421875
100	40234452	1.557037591934204
100	5415832	1.5499814748764038
100	16732790	1.5344486236572266
100	92499	1.518308401107788
100	13116880	1.515178680419922
100	7583161	1.5128657817840576
115	33872649	1.6294254064559937
115	7447120	1.172776222229004
115	12824568	1.151986002922058
115	1234098	1.1457492113113403
115	15414628	1.1324083805084229
115	5500086	1.1188490390777588
115	45199834	1.099169373512268
115	708425	1.0963153839111328
115	2236768	1.084934949874878
115	83667891	1.0784614086151123
411	14924526	1.947027444839477
411	15889329	1.595294713973999
411	116792	1.5189225673675537
411	30534237	1.4820632934570312
411	37592824	1.4710026979446411
411	1410197	1.4377226829528809
411	23670644	1.4221597909927368
411	810480	1.4177391529083252
411	29723642	1.3991365432739258
411	23073816	1.372054934501648
475	195689757	1.4314337968826294
475	3831884	1.4302241802215576
475	23576165	1.4156444072723389
475	8724666	1.3840830326080322
475	6061927	1.3650808334350586
475	1605196	1.3537163734436035
475	8477699	1.3496301174163818
475	21626639	1.3468225002288818
475	19855358	1.3449569940567017
475	20672596	1.3371363878250122
879	8426046	1.8665416240692136
879	8327914	1.5454823970794678
879	45143088	1.5286508798599243
879	23618826	1.5209614038467407
879	18467982	1.484095811843872
879	26112624	1.476711630821228
879	20725212	1.4580602645874023
879	18421962	1.448932409286499
879	3154880	1.4439127445220947
879	13552682	1.443532943725586
1216	24142891	1.9639688730239868
1216	33920995	1.4638515710830688
1216	86231298	1.428107976913452
1216	35684881	1.4139984846115112
1216	18841257	1.4115734100341797
1216	21754541	1.4086233377456665
1216	10906636	1.3807473182678225
1216	5372773	1.3695557117462158
1216	1676568	1.3684550523757937
1216	46135768	1.3647453784942627
1382	3831884	1.8714871406555176
1382	23895668	1.849600315093994
1382	22914228	1.818645000457764
1382	3085264	1.792755126953125
1382	1344498	1.7577414512634275
1382	17755060	1.7255024909973145
1382	195689757	1.721574068069458
1382	5256564	1.7059626579284668
1382	22317868	1.668113350868225
1382	25513319	1.667863845825195
1191	7808055	1.294886827468872
1191	6561200	1.285599946975708
1191	10944947	1.253869891166687
1191	38076716	1.248044490814209
1191	31634628	1.22653329372406
1191	1388704	1.2258840799331665
1191	12030680	1.222130298614502
1191	2841164	1.2205498218536377
1191	4679264	1.219115138053894
1191	28441310	1.1757917404174805
535	9288638	1.467073678970337
535	13448422	1.4644196033477783
535	27428509	1.4590901136398315
535	43557480	1.450893521308899
535	44660616	1.4416460990905762
535	54490092	1.4307504892349243
535	8318922	1.416939616203308
535	2138843	1.4138842821121216
535	39368721	1.4065427780151367
535	32534305	1.3800835609436035
593	19675911	1.9976825714111328
593	31889025	1.76336669921875
593	29253460	1.6470112800598145
593	13481731	1.5920084714889526
593	27240667	1.5727001428604126
593	7640792	1.569257378578186
593	6085365	1.5337355136871338
593	12561083	1.53169047832489
593	33533307	1.5204448699951172
593	30058568	1.5186983346939087
805	22180793	2.242579221725464
805	17188921	1.7359766960144043
805	14149065	1.7040996551513672
805	3118719	1.6758267879486084
805	1196631	1.6711862087249756
805	3727986	1.6706314086914062
805	5774746	1.6548489332199097
805	13952658	1.6450295448303225
805	2014909	1.630695343017578
805	25915873	1.6237530708312988
72	6076903	1.642714023590088
72	38380061	1.5336073637008667
72	23160444	1.476208209991455
72	5700349	1.4680631160736084
72	1031534	1.4475829601287842
72	22545779	1.4337643384933472
72	3825472	1.4229978322982788
72	2119889	1.4228079319000244
72	5573975	1.419237494468689
72	13172737	1.406766414642334
443	10165258	2.1788291931152344
443	9911547	1.8497377634048464
443	19583924	1.7052505016326904
443	17271462	1.6608014106750488
443	12462961	1.63324236869812
443	10015292	1.61203134059906
443	32170702	1.609147071838379
443	13509809	1.5839204788208008
443	11900630	1.5793720483779907
443	40234452	1.5775394439697266
716	27167110	1.6762983798980713
716	10024681	1.6111938953399658
716	13290521	1.5964996814727783
716	153744	1.592078685760498
716	13964633	1.5646477937698364
716	4653837	1.5571234226226809
716	19828689	1.544204592704773
716	14581009	1.5441690683364868
716	37438296	1.5331310033798218
716	2000038	1.5330194234848022
183	12827098	1.7759478092193604
183	22973574	1.6924800872802734
183	188911	1.677560567855835
183	25068298	1.6746233701705933
183	46193388	1.6057002544403076
183	9412420	1.580197811126709
183	22406695	1.578732132911682
183	24707550	1.5775270462036133
183	13509809	1.5607210397720337
183	4366738	1.5551190376281738
1335	27910499	1.9450536966323853
1335	27243019	1.7569165229797363
1335	20220731	1.6680424213409424
1335	25479072	1.6283338069915771
1335	23032247	1.625547170639038
1335	33535222	1.619412899017334
1335	43587663	1.609655261039734
1335	17463549	1.594088792800903
1335	37311371	1.575208067893982
1335	34905328	1.573488712310791
513	12770738	1.6009180545806885
513	25355575	1.584693431854248
513	13230773	1.55076003074646
513	24918110	1.4916939735412598
513	6525844	1.477996826171875
513	11630388	1.4706456661224363
513	25451374	1.4524986743927002
513	25028913	1.4215408563613892
513	195689316	1.4174323081970217
513	2032877	1.4018523693084717
238	21601459	1.7346419095993042
238	28704738	1.7340651750564575
238	6913227	1.6841119527816772
238	12652963	1.6710119247436523
238	4418112	1.6669766902923584
238	19358586	1.659764528274536
238	16605494	1.655231475830078
238	14362780	1.6505472660064695
238	2000038	1.6490812301635742
238	153744	1.6450179815292358
127	21598000	1.5827516317367554
127	38623601	1.5556946992874146
127	14149065	1.5083361864089966
127	30884033	1.438731670379639
127	293661	1.4378454685211182
127	10423989	1.4340213537216189
127	21372171	1.4257161617279053
127	22767022	1.4248590469360352
127	7549811	1.4158594608306885
127	35231675	1.412010669708252
388	21602220	1.7112164497375488
388	38028419	1.453218698501587
388	6669242	1.4448314905166626
388	9194077	1.4129737615585327
388	1148122	1.409773349761963
388	25510546	1.4086073637008667
388	12658073	1.3851834535598757
388	12881593	1.3837380409240725
388	36838958	1.3826533555984497
388	24783597	1.3724476099014282
957	6308416	1.5322844982147217
957	123859	1.5104387998580933
957	40667577	1.4964008331298828
957	36345578	1.4963228702545166
957	16280642	1.4874417781829834
957	7370282	1.4700080156326294
957	13492264	1.4428536891937256
957	20608982	1.436643362045288
957	6969753	1.4334564208984375
957	17934082	1.3853238821029663
1225	36399107	1.6475520133972168
1225	14729253	1.628380298614502
1225	9650982	1.6038126945495603
1225	46617075	1.594019651412964
1225	35329820	1.586980223655701
1225	16734530	1.5754481554031372
1225	6078882	1.5632154941558838
1225	4457160	1.553728103637695
1225	11861374	1.5532073974609375
1225	2494748	1.543940544128418
832	30303335	1.820195436477661
832	37964706	1.602431297302246
832	35395662	1.5959324836730957
832	6936141	1.5748052597045898
832	7820043	1.555955171585083
832	25606339	1.5402324199676514
832	7116734	1.5397017002105713
832	7869794	1.5329580307006836
832	9225850	1.523587346076965
832	10562341	1.5233643054962158
1281	29214508	1.866990685462952
1281	38805486	1.7205535173416138
1281	37768883	1.581417441368103
1281	36233757	1.5800440311431885
1281	4795303	1.5358318090438845
1281	13921783	1.518250823020935
1281	22312627	1.5083495378494265
1281	27078065	1.5071367025375366
1281	16686383	1.4924489259719849
1281	23604601	1.4855393171310425
163	18872233	1.8677492141723635
163	43220289	1.795546293258667
163	29022271	1.6843156814575195
163	19071857	1.6813268661499023
163	7627167	1.552765130996704
163	40949706	1.5068868398666382
163	5824985	1.4226831197738647
163	24318630	1.2458428144454956
163	20130904	1.133847951889038
163	73473433	1.124458074569702
179	27123743	1.822473645210266
179	17450673	1.783354878425598
179	16322674	1.759976863861084
179	5487448	1.700814962387085
179	37480103	1.624476671218872
179	13831842	1.6138441562652588
179	16098747	1.5881972312927246
179	13765757	1.5704550743103027
179	5222182	1.570028305053711
179	23557241	1.5672359466552734
837	16346504	1.5883777141571045
837	1780819	1.5524835586547852
837	9239963	1.5381537675857544
837	25628793	1.525763988494873
837	15928989	1.4982168674468994
837	6121668	1.4436280727386477
837	11271123	1.4336366653442385
837	25263942	1.4088088274002075
837	41790911	1.3982268571853638
837	41710132	1.3979073762893677
1110	43128141	1.5128923654556274
1110	33740844	1.3839914798736572
1110	10010651	1.38107168674469
1110	31562330	1.36379075050354
1110	8529693	1.3600945472717283
1110	41310252	1.3446307182312012
1110	463533	1.3166526556015017
1110	8839502	1.3137657642364502
1110	36033696	1.313132405281067
1110	36124058	1.3034164905548096
219	21366394	2.134711980819702
219	1800734	1.810947299003601
219	20311968	1.7799307107925415
219	883747	1.6932637691497805
219	888896	1.6451358795166016
219	15381976	1.6133275032043457
219	3553087	1.5934641361236572
219	3376731	1.5659635066986084
219	56486733	1.5543479919433594
219	696006	1.5496826171875
338	24211561	1.774614930152893
338	23349986	1.739532709121704
338	9846940	1.4252617359161377
338	15948830	1.4126323461532593
338	36288526	1.384210228919983
338	34338075	1.3403048515319824
338	40156901	1.310712814331055
338	14252892	1.2990264892578125
338	7873737	1.2940843105316162
338	14973286	1.2929270267486572
501	17930286	1.7807997465133667
501	42095718	1.5517926216125488
501	44830890	1.5054523944854736
501	24865781	1.4872708320617676
501	27076725	1.4643762111663818
501	30813140	1.445667386054993
501	7965928	1.4393868446350098
501	24148722	1.4295659065246582
501	8672737	1.4095662832260132
501	24770122	1.3931361436843872
549	9433958	1.7213653326034546
549	7820043	1.6125167608261108
549	26731863	1.5857014656066897
549	30437264	1.5626251697540283
549	2274272	1.5498921871185305
549	5137019	1.5203795433044434
549	14308244	1.5112136602401731
549	3493623	1.5081791877746582
549	22178316	1.5065639019012451
549	10627801	1.48899245262146
859	22049489	1.6032345294952393
859	1982286	1.5964351892471311
859	12315072	1.5190091133117676
859	22180793	1.460301399230957
859	12685434	1.450292944908142
859	5377642	1.44942045211792
859	14938990	1.4479413032531738
859	42731834	1.4370338916778564
859	25832301	1.4268397092819214
859	1389264	1.4230544567108154
1336	27910499	1.9468826055526731
1336	27243019	1.812101006507873
1336	25479072	1.6619210243225098
1336	33535222	1.6462312936782837
1336	43587663	1.6381163597106934
1336	23032247	1.63146710395813
1336	20220731	1.627504825592041
1336	24069089	1.6051045656204224
1336	17463549	1.6016154289245603
1336	2388819	1.590640664100647
873	4345757	1.5137498378753662
873	3315558	1.465881109237671
873	25973484	1.4525232315063477
873	21641088	1.4474005699157717
873	29025270	1.4241987466812134
873	41310252	1.4032055139541626
873	5268462	1.3663045167922974
873	13441037	1.3582748174667358
873	24625323	1.3436914682388306
873	120626	1.3359977006912231
1	20101846	1.302647590637207
1	4346436	1.2462093830108645
1	121581019	1.2215907573699951
1	16736872	1.1783102750778198
1	22995164	1.1696279048919678
1	38037690	1.1545915603637695
1	169264	1.1506729125976562
1	27049238	1.1474462747573853
1	38805486	1.1440131664276123
1	23686039	1.1341694593429563
13	17450673	1.6348228454589844
13	1263446	1.560282826423645
13	11360768	1.5600413084030151
13	7662395	1.5170018672943115
13	26611834	1.4804153442382812
13	27123743	1.479299783706665
13	30786800	1.4547436237335205
13	5487448	1.441652774810791
13	23557241	1.4287382364273071
13	37480103	1.4245710372924805
128	1122279	1.2993173599243164
128	12549585	1.2858903408050537
128	7560876	1.1454460620880127
128	79447	1.1391823291778564
128	22889972	1.1324893236160278
128	29253460	1.1165544986724854
128	6525844	1.1095860004425049
128	2056197	1.1074717044830322
128	17168045	1.086475133895874
128	2593298	1.0840888023376465
218	21366394	2.119852066040039
218	1800734	1.7553579807281494
218	20311968	1.7189085483551023
218	883747	1.6443524360656738
218	888896	1.5770598649978638
218	696006	1.555219292640686
218	15381976	1.55476975440979
218	3553087	1.5457289218902588
218	56486733	1.5296536684036257
218	3376731	1.522002935409546
823	15319019	2.068256139755249
823	2319305	1.8093457221984863
823	6426919	1.7310116291046145
823	25014337	1.6502561569213867
823	9505402	1.624962568283081
823	6421792	1.582807183265686
823	34016944	1.5336612462997437
823	13450938	1.5109570026397705
823	39443128	1.4490054845809937
823	43311750	1.439795970916748
1179	10627801	1.512353777885437
1179	6386930	1.4978580474853516
1179	20725212	1.497684121131897
1179	22191759	1.4673676490783691
1179	12240507	1.4652578830718994
1179	44366096	1.4629942178726196
1179	4363526	1.4369231462478638
1179	15419873	1.4262230396270752
1179	1354567	1.4195284843444824
1179	2566674	1.4164230823516846
1362	12549585	1.2666959762573242
1362	1122279	1.2544217109680176
1362	22889972	1.115734577178955
1362	7560876	1.1125521659851074
1362	29253460	1.1085163354873655
1362	2593298	1.0936728715896606
1362	6525844	1.0932621955871582
1362	79447	1.0810976028442385
1362	2056197	1.0781902074813845
1362	30639847	1.0683655738830566
239	3230557	1.469834804534912
239	19343151	1.406435489654541
239	4326318	1.3998792171478271
239	16233471	1.374015212059021
239	25419778	1.3496124744415283
239	22264117	1.339518427848816
239	9559146	1.3351764678955078
239	2466614	1.3309282064437866
239	39558597	1.3292486667633057
239	14079881	1.3063002824783323
536	16056514	1.6812500953674316
536	25475802	1.6531928777694702
536	26025370	1.6095850467681885
536	23929297	1.5852913856506348
536	13172737	1.572642803192139
536	11886686	1.571272611618042
536	4474874	1.560111165046692
536	26688294	1.5578575134277344
536	4469125	1.5340698957443235
536	36357627	1.530709981918335
960	8780599	1.879046440124512
960	43128141	1.5002787113189695
960	12102963	1.4672226905822754
960	33740844	1.408172607421875
960	44624045	1.3676893711090088
960	12709184	1.3555032014846802
960	25974070	1.3467607498168943
960	12810152	1.3467226028442385
960	9617381	1.345613956451416
960	35495268	1.324796438217163
936	5483793	1.6051406860351562
936	23100962	1.4796305894851685
936	8305686	1.390275001525879
936	18758057	1.3885548114776611
936	20344442	1.3693119287490845
936	13823200	1.3502893447875977
936	9283422	1.3466366529464722
936	33499189	1.3416516780853271
936	24069089	1.332582950592041
936	34905328	1.3162510395050049
94	6372244	1.1878619194030762
94	13948920	1.183826565742493
94	2526777	1.1772956848144531
94	17925632	1.1708494424819946
94	42782688	1.1643058061599731
94	12409683	1.163020372390747
94	11441172	1.1511762142181396
94	10617916	1.1487081050872805
94	27944135	1.1485342979431152
94	41294031	1.13830304145813
517	19658917	1.499666690826416
517	11481946	1.473599553108215
517	5687200	1.4626392126083374
517	27428509	1.4590375423431396
517	23577867	1.4450727701187134
517	27449472	1.438475489616394
517	34054472	1.4301025867462158
517	12869200	1.426158428192139
517	13619127	1.4258790016174316
517	25599283	1.4247456789016724
597	36355784	1.7375909090042114
597	27446873	1.6833505630493164
597	23136735	1.6580393314361572
597	25742130	1.6283249855041504
597	12779444	1.5684330463409424
597	46695481	1.5679359436035156
597	76415938	1.543882131576538
597	9764256	1.5402088165283203
597	7650066	1.5122506618499756
597	46355579	1.5076375007629397
1368	275294	1.569910764694214
1368	23267371	1.51220965385437
1368	21553394	1.4689369201660156
1368	33740844	1.4444563388824463
1368	12074066	1.4156601428985596
1368	9555784	1.4109644889831543
1368	30720103	1.4099762439727783
1368	21380348	1.4073928594589231
1368	2425364	1.4009039402008057
1368	8856690	1.3832136392593384
1370	21553394	1.71024751663208
1370	23267371	1.561787486076355
1370	2425364	1.5126512050628662
1370	9555784	1.503322958946228
1370	22023404	1.4781407117843628
1370	30720103	1.4492145776748655
1370	33740844	1.4473896026611328
1370	3222187	1.421748399734497
1370	8529693	1.4076716899871826
1370	25599283	1.4072993993759155
569	37311371	1.8235700130462649
569	21320417	1.777069091796875
569	23460562	1.766984224319458
569	3155731	1.7061049938201904
569	13636631	1.6860153675079346
569	5508750	1.6804405450820925
569	991137	1.6281752586364746
569	6961811	1.6173313856124878
569	11666252	1.583226442337036
569	12100963	1.5787509679794312
659	31363207	1.1644617319107056
659	28821565	1.1556036472320557
659	15997009	1.1377549171447754
659	10703001	1.1296559572219849
659	12885341	1.121274471282959
659	43329366	1.117236614227295
659	41294031	1.113694667816162
659	13948920	1.1133865118026731
659	3935126	1.111093521118164
659	13380980	1.1066758632659912
743	32159283	1.418510675430298
743	21239672	1.3644781112670898
743	13823200	1.3121984004974363
743	6270720	1.252694010734558
743	6853699	1.2438069581985474
743	25028913	1.2404719591140747
743	10576136	1.2392597198486328
743	4418112	1.2382326126098633
743	7454794	1.229691982269287
743	10284593	1.2260773181915283
880	8426046	1.6928000450134275
880	20725212	1.6284267902374268
880	18467982	1.5920524597167969
880	53211308	1.5587801933288574
880	45143088	1.5418035984039309
880	8327914	1.5370532274246216
880	23618826	1.5349528789520264
880	2566674	1.5133506059646606
880	26112624	1.5063729286193848
880	153744	1.5007984638214111
217	21366394	1.8820326328277588
217	45414636	1.656331181526184
217	40608679	1.6387970447540283
217	22874817	1.635411500930786
217	22210434	1.6238815784454346
217	3376731	1.6237143278121948
217	34905328	1.6207727193832395
217	22174015	1.5969233512878418
217	15946643	1.5902774333953855
217	1196631	1.588331937789917
644	11481946	1.6230806112289429
644	13619127	1.583682656288147
644	4886637	1.4917848110198977
644	120626	1.4766356945037842
644	2481032	1.4709408283233645
644	195352	1.4608720541000366
644	27449472	1.4379645586013794
644	16527698	1.4271154403686523
644	27166444	1.4225038290023804
644	32534305	1.412067174911499
1180	44366096	1.674178123474121
1180	9591368	1.6699631214141846
1180	15419873	1.663171887397766
1180	31272411	1.6273431777954102
1180	24221369	1.6124234199523926
1180	2566674	1.6094764471054075
1180	10627801	1.6033397912979126
1180	8005007	1.5644586086273191
1180	6501747	1.5503064393997192
1180	20357868	1.4981129169464111
1385	306006	1.832533597946167
1385	9283422	1.749494552612305
1385	994800	1.6214847564697266
1385	2714623	1.602734923362732
1385	39859981	1.5822728872299194
1385	3559136	1.5475094318389893
1385	28206748	1.5257956981658936
1385	20344442	1.5238091945648191
1385	4447055	1.5222253799438477
1385	14171859	1.510828733444214
216	21366394	1.865117430686951
216	34905328	1.6535567045211792
216	21363424	1.6370301246643066
216	22174015	1.6362879276275637
216	45414636	1.6223899126052856
216	3545805	1.5920811891555786
216	13798951	1.5899558067321775
216	13398997	1.5863840579986572
216	27910499	1.5787584781646729
216	20220731	1.572495460510254
1303	12631697	1.449291467666626
1303	43566999	1.3671212196350098
1303	31200375	1.3257263898849487
1303	8771704	1.2545547485351562
1303	41159361	1.244504451751709
1303	20696397	1.229656219482422
1303	21719289	1.2133651971817017
1303	23746332	1.210132360458374
1303	14893425	1.209937334060669
1303	2496002	1.2089927196502686
1137	33370	1.884454727172852
1137	40710501	1.867196083068848
1137	7898952	1.8211861848831177
1137	5123516	1.7843869924545288
1137	15570691	1.7795131206512451
1137	18600579	1.753769874572754
1137	14706752	1.7323694229125977
1137	22901758	1.727890968322754
1137	4889228	1.7263307571411133
1137	22174015	1.7203491926193235
212	11935250	1.642161846160889
212	14475235	1.6144744157791138
212	7808055	1.5769531726837158
212	4679264	1.537129521369934
212	9291668	1.5284035205841064
212	22038539	1.5222545862197876
212	23665162	1.5096336603164673
212	2494748	1.476088047027588
212	42387637	1.4607415199279783
212	4434951	1.4498023986816406
1175	16058322	1.3215131759643557
1175	35684881	1.2983492612838743
1175	28517384	1.2513797283172607
1175	26030079	1.24537992477417
1175	12240507	1.2431330680847168
1175	3093512	1.2378720045089722
1175	23244529	1.223233699798584
1175	22191759	1.2214114665985107
1175	4336849	1.21552836894989
1175	1791637	1.214590311050415
70	43880096	1.7645516395568848
70	21307488	1.72201669216156
70	11903247	1.7199852466583252
70	4389394	1.7027182579040527
70	9483851	1.6830437183380127
70	21557055	1.6754179000854492
70	9169645	1.6749956607818604
70	31624828	1.6724880933761597
70	2582169	1.6677203178405762
70	5254463	1.667184591293335
539	13282296	1.8650553226470947
539	21472388	1.51437509059906
539	41264017	1.496113657951355
539	13933299	1.490531086921692
539	11953232	1.4836857318878174
539	7011850	1.4710979461669922
539	20697217	1.4530260562896729
539	5402581	1.4131900072097778
539	24921368	1.4051295518875122
539	32463364	1.4050334692001345
208	13519661	1.7465436458587646
208	20886584	1.4683451652526855
208	20738970	1.460059404373169
208	31591262	1.454079031944275
208	35993767	1.4534759521484375
208	15946643	1.4470151662826538
208	10279084	1.445433259010315
208	13069283	1.4435070753097534
208	16734530	1.4267312288284302
208	4886637	1.4245645999908447
660	21150010	1.3137887716293335
660	13923069	1.2492985725402832
660	33884866	1.1865602731704712
660	27437459	1.1667110919952393
660	45336190	1.1619961261749268
660	13779605	1.149699568748474
660	46765242	1.1453665494918823
660	24005548	1.1405725479125977
660	1759213	1.1404974460601809
660	13380980	1.136972188949585
914	23938319	1.70656418800354
914	3203590	1.5707266330718994
914	25677651	1.5392029285430908
914	11238784	1.4763715267181396
914	9956893	1.4501008987426758
914	9283422	1.4369460344314575
914	2714623	1.431563138961792
914	15322518	1.4176669120788574
914	4662264	1.4092183113098145
914	17671145	1.397533297538757
5	13734012	1.3028602600097656
5	18617259	1.2701709270477295
5	21550246	1.2350494861602783
5	29745822	1.2108274698257446
5	76415938	1.2038753032684326
5	32084655	1.1992508172988892
5	68317730	1.1700941324234009
5	5433667	1.1642460823059082
5	19140422	1.161099195480347
5	5558754	1.1534936428070068
49	5953485	2.0717995166778564
49	5702790	1.8901156187057493
49	23913146	1.6959829330444336
49	12652963	1.6268091201782229
49	18467982	1.497716784477234
49	6285534	1.469962239265442
49	18654430	1.4497764110565186
49	28704738	1.4411474466323853
49	19828689	1.4362143278121948
49	13964633	1.4326406717300415
793	39381118	1.557825207710266
793	8551160	1.5294368267059326
793	23403754	1.51700758934021
793	6712836	1.4540512561798096
793	34439544	1.418223857879639
793	10698739	1.417867660522461
793	1991105	1.3882508277893066
793	28249680	1.3865985870361328
793	15836115	1.3667778968811035
793	4399311	1.3582491874694824
132	15648443	1.4898563623428345
132	6945691	1.4743895530700684
132	20732789	1.4435888528823853
132	2443495	1.3642337322235107
132	7613033	1.362452507019043
132	39903312	1.350963115692139
132	1428830	1.340775489807129
132	9159125	1.3263084888458252
132	25475802	1.3229893445968628
132	23974474	1.3201947212219238
268	970012	1.6046932935714722
268	4319174	1.3647111654281616
268	34582256	1.362046241760254
268	25817686	1.340845227241516
268	13000926	1.3253991603851318
268	34121231	1.310841083526611
268	1568684	1.304442286491394
268	36838958	1.294412612915039
268	1507222	1.25011944770813
268	29381091	1.2345998287200928
913	23938319	1.6728556156158447
913	25677651	1.5882521867752075
913	3203590	1.5534801483154297
913	15322518	1.549989938735962
913	17671145	1.528853416442871
913	9283422	1.50163471698761
913	9956893	1.4769562482833862
913	11238784	1.4670116901397705
913	3701541	1.4572654962539673
913	994800	1.4562212228775024
50	12580014	1.7938907146453855
50	25738896	1.6268978118896484
50	39559521	1.5533854961395264
50	13989491	1.5039292573928833
50	4561402	1.496731519699097
50	3952288	1.4380433559417725
50	18488986	1.435558795928955
50	9095394	1.420436978340149
50	8354687	1.4109535217285156
50	301838	1.367764949798584
269	970012	1.552544116973877
269	25817686	1.358399748802185
269	13000926	1.347336769104004
269	36838958	1.330162763595581
269	34582256	1.3068819046020508
269	4319174	1.3048675060272217
269	1568684	1.2287123203277588
269	34121231	1.2241476774215698
269	21868715	1.2164063453674316
269	7198295	1.2104694843292236
148	1084345	1.6844676733016968
148	15728433	1.5799897909164429
148	4326318	1.5616848468780518
148	4452659	1.552120804786682
148	24347647	1.5001628398895264
148	56528795	1.4788274765014648
148	10463997	1.4496866464614868
148	26230669	1.4469540119171145
148	21232018	1.4424161911010742
148	16627684	1.435867190361023
324	5260382	1.487682580947876
324	4658268	1.448004961013794
324	24612804	1.411651611328125
324	29689140	1.4048470258712769
324	35520219	1.4037890434265137
324	20977638	1.3903913497924805
324	9687772	1.3843746185302734
324	23868856	1.369302749633789
324	6796297	1.3691847324371338
324	3559136	1.3645784854888916
1099	21557614	1.6893577575683594
1099	5698494	1.660917043685913
1099	7454794	1.6528443098068235
1099	24005548	1.5640983581542969
1099	1522336	1.5397212505340576
1099	35534019	1.5327601432800293
1099	30981192	1.5325807332992554
1099	7662206	1.526925802230835
1099	43629704	1.4955346584320068
1099	40156901	1.4951152801513672
1100	5698494	1.6670362949371338
1100	21557614	1.645088791847229
1100	7454794	1.617070198059082
1100	24005548	1.583981156349182
1100	1522336	1.53037691116333
1100	35534019	1.5213185548782349
1100	30981192	1.4909722805023191
1100	40156901	1.4858803749084473
1100	7662206	1.4831278324127195
1100	4687948	1.4608383178710938
870	4345757	1.5264859199523926
870	11481946	1.4669314622879028
870	25973484	1.4346131086349487
870	11630388	1.4064677953720093
870	25837950	1.3777469396591189
870	43220289	1.3738305568695068
870	35495268	1.371633529663086
870	22922353	1.363551378250122
870	5268462	1.3597970008850098
870	1831916	1.33807110786438
198	27602752	1.363239049911499
198	2177022	1.3529099225997925
198	5278233	1.3496451377868652
198	13778710	1.3384963274002075
198	10189634	1.3276233673095703
198	24384587	1.3147960901260376
198	29347970	1.2907456159591677
198	45449835	1.2669384479522705
198	40590358	1.2652356624603271
198	17934603	1.2643382549285889
